object_summary,entities_sentiment_basic
"$AAPL will have record #&#39;s, margin increase, and great guidance and the stock will still tank on ER.... be prepared",Bearish
$DSCO setting up really well on multiple timeframes,Bullish
Movin On Up! $SPY $IWM $PLUG $KNDI more... http://stks.co/d06ql,Bullish
"$CAMT looks like it may not be done, could get interesting thru 540",Bullish
$PLUG I&#39;m pretty sure this analysis shows things turning around here... http://stks.co/i0Dct,Bullish
$AMZN SUPER BULLISH,Bullish
$NFLX is looking great for a long once price fills that daily gap @ $334  http://stks.co/a093Z http://stks.co/a093a,Bullish
$AAPL so as I said this morn (while everyboday panicked) I just hold my 250 shares and will sell 600 this montyh Plain simple,Bullish
$scty cmon 70!! You can do it!!!,Bullish
"$AAPL Cook, said he&#39;s very confident of year-over-year growth and that underlying results are better than they appear http://stks.co/svb1",Bullish
"$RNN I was looking for a stock to lose all my money in and came up with this one, I hope I am right",Bearish
"$SBUX bot lod 2day, hammer says gap n go but macro saying no, we&#39;ll know rather quickly imo",Bullish
Swing Trading Watch-List: $JCI $KBH $LUK $OSK $WLT | SharePlanner http://stks.co/b03CU,Bullish
The Watch-List for Shorting inludes $F $NOG $BBY $CE $AFL and more | SharePlanner http://stks.co/ppql,Bearish
The Week&#39;s Bearish Watch-List includes $AFL $AGO $BHP $NOV $NAV $NTAP $PDCE $MPW $HLX $CE and more http://stks.co/rrjH,Bearish
SharePlanner Reversal Indicator: More Extremes | $SPX $STUDY http://stks.co/srpB,Bullish
Today&#39;s Trading Plan: Hop in the Bounce House | $SPX $STUDY http://stks.co/i0DOm,Bullish
"$CYTR Come on, CYTR..........Keep the Shorts at bay for one more day!!!!!!!",Bullish
"$CYTR Roll bounce, rock skate, roll bounce, rock skate...CYTR simply makes you want to groove!!! Rock left, rock right, stay in the groove!",Bullish
$CYTR gave everyone a chance if they were thinking about getting in to get in.......Hope you got in because you may not get another chance!,Bullish
$SCMP - a small biotech that actually has sales AND earnings!,Bullish
$MWIV a thin name that has a beautiful look. When mkt rebounds this will take off to the races,Bullish
&quot;@Safeguard: $SFE partner company Alverix acquired by $BDX for $40M; $SFE expects to realize $17.4M... http://stks.co/tpQL&quot;,Bullish
&quot;@Shell: Live webcast of Shell Q413 results to go live in 20 mins. Join on http://stks.co/g0EFK or via Shell mobile app $RDSA&quot;,Bullish
$RXII Did some research on this. The largest shareholders are $opk and $gale. Going up,Bullish
$AAPL Follow the sentiment. Near 70 it jumps. Rise into earning from here could be possible.,Bullish
"$AAPL target 420,holding short",Bearish
$JCP When comes to analysts I&#39;ll stick with Dana Tesley. She is the Sheila Bair of Retail. The rest or just talking heads.,Bullish
$FB and $JCP gave me hope in the markets today. Everything else is just crapped out for the week. Hope this correction ends soon. Gezz!!,Bullish
$ARIA $2.50 and long!,Bullish
"$ARIA Just being honest, I didn&#39;t even like the new people here. Glad there gone",Bullish
$CAMT Big weekend news!,Bullish
$IDRA big test here - double top - looking for it to become a triple top breakout,Bullish
&quot;@lorenzorusso: &quot;$IPCI WAITING FOR NEWS AFTER CLOSING. Stacks of approvals on FDA&#39;S plate...Lets go everybody...MASSIVE BUYING!&quot;&quot;&quot;,Bullish
"If $AAPL buys $BBRY secured msg &amp; enterprise biz, it will have a lead over $GOOG android.  IMO.",Bullish
&quot;@vanhalenboss: $BBRY Snapchat the victim of major cyber attack. http://stks.co/qocn&quot; That&#39;s why entprse &amp; gov trusts $BBRY.,Bullish
"@JakeQ @ZMobile $BBRY Chen will be meeting with Jefferies.  Maybe, the big boys will make the bold move it needs.",Bullish
$BBRY CES2014 is fill with tech investors and fund managers. Money is flowing into BB imo.,Bullish
$BBRY bears got their snouts caught in a trap.  Ouch!,Bullish
"$BBRY &quot;John Chen: â€˜Foxconn will help us in emerging marketsâ€™, Expect all-touch and physical keyboard devices&quot; Under $200",Bullish
$BBRY &quot;price target was raised to $10 from $6 at RBC Capital Markets&quot; http://stks.co/qqRs  Nice buy on dips. imo,Bullish
"@JanineK @coldspring87 Honest, I love my iPhone!  If I love BB, it would be trading at $500 right now. $BBRY is cheap at current price imo.",Bullish
$BBRY Buy on every dip...like yesterday.. This thing has a lot of room to go up since there&#39;s still over 104 million shrs short float,Bullish
@ogjk China and India likes $BBRY because it works well on their current network.  Limited 4G network is a problem for iPhone and Android,Bullish
$BBRY India is full of talents.   Games created for Blackberry to serve local market.  http://stks.co/j0AS7,Bullish
$BBRY Citron finally said what I have been thinking and saying all along.  Glad to see that write up.  Remember today.. This is cheap.,Bullish
$BBRY This baby likely to beat 20%?!,Bullish
&quot;@duke2duke: $BBRY Broke above trend line on large volume.  Even more bullish from here on. imo http://stks.co/f0Bmi&quot; Good things to come,Bullish
$BBRY This bullish move is not without reasons.  This stock is undervalue and HF&#39;s are seeing that now.,Bullish
$BBRY There goes your chance to buy at a 2% discount.,Bullish
"$BBRY with zero debt, cash on hands, real eastates, patents, line of credits, moats, This is still pretty cheap for me.",Bullish
"$BBRY Buying at this level is a no brainer. Bankruptcy off the table for now, Cash a plenty, hdwre costs passed on, BES is highly valuable.",Bullish
7 out of 7 G7. You bet the DOD will support $BBRY service.,Bullish
"$FB I am just amazed how well the videos work inside the FB app.  I use FB all day, but TWTR only occasionally.",Bullish
$BBRY has what $AAPL doesn&#39;t.  A creative business genius.  Chen knows to pool together the strength and skills of people he needs for BB.,Bullish
$BBRY Just bought calls after seeing this strength BB has through the indexes sell off.,Bullish
&quot;@GKesarios: $BBRY  BlackBerry: 200 MA Crossover And Short Interest Alert - Seeking Alpha http://stks.co/h0Dum&quot;. Thanks,Bullish
"$GOOG earning AH will reaffirm ads are moving to mobile, especially social media.  It will give $FB a big boost tomorrow",Bullish
$FB Keeping it simple.   This baby is going higher.  http://stks.co/d0B0J,Bullish
$NBIX head and shoulders developing on this massive peak!,Bearish
$GLD $SLV $NUGT $DUST $FCX $ABX $AUY $BVN $RIO $VALE $NEM - They cut prices forecast â€ªâ€ª gold and silver â€¬2014 http://stks.co/i08mz,Bearish
"$GLD $SLV $NUGT $DUST $ABX $FBC $NEM $BVN $AUY - Gold Price Monday was trading up to $ 1,275 an ounce http://stks.co/sumh",Bearish
$HK In the early innings...  http://stks.co/b08t7,Bullish
$GDXJ only lager in my portfolio...will be the star one day though,Bullish
$MNKD Lets get some actiioonnn,Bullish
$JCP BACK TO 9$! Closing in Green today!,Bullish
"$AAPL Too many shares out there law of supply and demand. Apple&#39;s cash is more valuable than the stock, why should TC buy it?",Bearish
$SPY The market needed a reason to rally (i.e. Turkey&#39;s rate hike) it couldn&#39;t do it just because it was grossly oversold.,Bullish
$MSTX -  MSTX has tons of support and the conference helped alot. MST-188 in phase 3 appears to be doing well reflecting in the share price.,Bullish
$ARIA - $IGXT .87/share with FDA decision on 2/2/14 -- Should run nicely and cheap.  GO ARIA! I see the upside down head and neck!,Bullish
"$ARIA a5hi, so hangout in the AMRN forum. Your face is starting to scare investors.",Bullish
"With still 6.45B-8.9B POMO this week and optimal weekly pins where they are, I&#39;d say we end this week in the green. $iwm $qqq $spy $es_f",Bullish
Oops. China PMI giving futures a dose of reality. $es_f $spy $qqq $iwm,Bearish
"general market correction on internet momentum stocks $TWTR, $TSLA,  $AAPL and now its $NFLX turn .. sorry my blue friend !",Bearish
"@ACapital i may have been a bit overzelous saying 100%. i&#39;m holding 25,000 shares $CBLI, 10,000 $AGEN, and just dumped my $JAZZ and $VXX",Bullish
Taking A Look Into ChartSmarter: http://stks.co/j07Fy Examples of what we bring. ALL charts noted $PSX $CSIQ $CATM $WNR $STAY $OZM $EEFT,Bullish
ChartSmarter Wednesday Game Plan http://stks.co/rtp4 &quot;XLP at critical juncture testing enormous 42.30 flat base pivot&quot; $XLP $WFM $EL $K,Bullish
$BBRY Is it not refreshing to know we almost cannot lose here at this price ? Wow!,Bullish
"$RNN in since .519, this is fun to watch. Not selling anytime soon.",Bullish
$HAL market pressure has been supportive of higher prices last 2 days. a change from past 3 weeks http://stks.co/f0ANd,Bullish
$AAPL Quick somebody check and see how many shares wells fargo bought on this dip last 2 days. lol.,Bullish
$AAPL Happen to agree with Goldman on PT increase to $620-$635 my own homework puts PT at $618-$635 it&#39;s time for the Apple to shine bright.,Bullish
"$CADJPY - break below 95.16, weekly/monthly key level.",Bearish
@gladiator61 $REGN Do not cry this is one of the best biotech out there with nice pipeline... Growth stocks like these are huge just wait,Bullish
"$PLUG check out plug facebook, they are in QINGHUANGDAO  CHINA now,  another city meet with supplier.  news on the way",Bullish
Congrats to the $NFLX longs. I got jittery and sold in the $360&#39;s. Long term and international story still intact here though,Bullish
$AAPL Funny thing is we could just we easily be arguing about $530 level. No real reason to be at $500 after record earnings + China Mobile,Bullish
$HAL love that EOD pop,Bullish
"An article about $CROX http://stks.co/toED If you make a product that people only buy one or several times, then the company wont last",Bearish
"$BAC Break high, a long signal... first target 16.50",Bullish
"6 January Trading SIgnal , Long $LUV, $BAC , $TSU and more http://stks.co/d045z",Bullish
$AAPL  chart Update http://stks.co/b04TQ will try MA50 support,Bearish
$EURUSD might test support at 1.3546  chart : http://stks.co/f08hb short if break,Bearish
$PLUG bought  on the dip. clutch,Bullish
I must change my framed picture of $600GLE that I&#39;ve had since mid-2007 to $1600GLE. Fun day! Added to $GOOG $FB $PCLN &amp; $AMZN ah @ 365! $$,Bullish
$FB blasting off..,Bullish
@Thundersforever $GLW Slow moving is right. I&#39;ll take that pace though when I&#39;m 160 years old.,Bullish
$PLUG @FARA1111 @4 Appreciate your enthusiasm but you&#39;re going to get burned.,Bullish
"$FIO agree this has become a technical trade too, above 11.27 gap to fill to $13, takover target premium at $20",Bullish
$WWE all i can say is ww(ow)e,Bullish
$WWE really?,Bullish
"$alu  long here, expecting big things in 2014!!",Bullish
Interesting $SPHS $MSTX $BAXS $AGEN $CYCC $CPRX $CBMX $RNN $SGYP $IPCI $OPXA $CCXI $NUGT $STEM $LPDX and others http://stks.co/f07qb,Bullish
$CRDC as said bounced over SMA200. BULLISH signal could continue its run after two days ago good news. LONG,Bullish
"$ZNGA you can call Us names and insult us, but it doesn&#39;t change the truth. Zynga Zynga is a bad investment for customers and for investors",Bearish
$HIMX could pop on other confirmed new design wins?  And remember Google has option to buy another 8% of himx display :),Bullish
monitoring a bullish $EURUSD for monday. but no trigger yet. could be much later when europe etc opens.,Bullish
@Portgasdace933 $EURUSD on the other hand is looking more bullish than said aussie-dollar,Bullish
$ONVO Looks topped. See end of day pullback and lower next week then long again after that. Pigs get slaughtered,Bearish
$TWTR Teetering on the edge (of the toilet bowl),Bearish
$TWTR Big time downside momentum,Bearish
@Tradersaurusrex You so crazy $tsla,Bullish
$BBRY All hail Citron,Bullish
"@AgentZero @smarterthanyou this clown agentZero just said the $FIO calls exp. worthless tomorrow, they don&#39;t expire until February. $GOGO",Bullish
$ARIA When is margin call? 2:30?,Bullish
$ARIA It stands to reason that they&#39;ll want to do this soon before 19-22 premium seems like not so much at 14+ yea?,Bullish
$AKS breaking out. $TSLA $SPY $SPX $DHI $CAMT $CLF $F $AEE $NFLX $STX $YHOO $RCII $RT,Bullish
"$XLF $SPY Possible bearish rising wedges on $KRE regional bank sector weekly,and $JPM monthly chart. http://stks.co/spbz",Bearish
"$ES_F $SPY $GLD $SLV Fed just said they will keep rates at 0 ,even if unemployment target is hit. That eclipses impact of this tiny taper",Bullish
"$MU - this will be up early next week, share holders annual conference is on the way. 
doubt there will be any dissapointment after 
last ER",Bullish
$ACHN AWESOME FREAKING DAY! lets see a continuation tomorrow and get some shorts to cover or short more... lol Best of luck here longs! :),Bullish
"$MCP well this is nice,,,back from the dirt pile in my portfolio",Bullish
$ARIA perky perky alert,Bullish
$VMW full blown psycho mode,Bullish
$QIHU here we go,Bullish
$CUR stock reversal classic...I tagged along buying thru 2.50...yoww they called it dead on,Bullish
$SBUX fully juiced...and running,Bullish
"$YGE solar still in play,,,8 coming",Bullish
"$FSLR too quiet,,,too long,,ready to bust a move back to 65",Bullish
&quot;@AnalystRatingsNetwork: Halliburton&#39;s PT cut by FBR Capital Markets to $58.00. market perform rating. $HAL/i&#39;ll take 58&quot;,Bullish
"$ANGI el  sqeeezo  supreme on the way,,,today&#39;s close was telling",Bullish
"$SBUX ride this horse back to all time highs,,,thats my play",Bullish
$ANGI OH YEAH,Bullish
"Aiming to profit from the oil drop with stable large-cap ($COG, $EOG) or progressive small-cap ($OCTX) propositions http://stks.co/j0CMt",Bullish
$MU very strong on open after some pre-market manipulation..,Bullish
$XONE broke down trend line http://stks.co/e03GH,Bullish
$MDCO pocket pivot in monster volume and all time high,Bullish
$ARIA This may as well be a chat room!,Bullish
$C looking like it will eventually tear through 54 http://stks.co/h07A8,Bullish
$CCXI Bought @ 5.90. Momentum in sector is fantastic. Fib 61.8 is just above 11. Is my target. Stop is closing below 4.5 (with sign. news),Bullish
$INTC x86 Atom chips compete w/design from $ARMH (95% mkt share) $IMG.L (MIPS) &amp; manufacturing from $AMD $QCOM $NVDA #hardrowtohoe,Bearish
$AAPL monthly MACD is often a good tell if youre patient. see $CMG 6 months ago for a recent example http://stks.co/qq2a,Bullish
Keep an eye on $YELP this week. Daily chart looks exactly like $YY 3-4 days ago.,Bullish
Regional banking Stock acting very well post earnings : $OZRK . Worth watching.  http://stks.co/stAG,Bullish
$PBMD hammer time http://stks.co/qtrp,Bullish
$ARIA let&#39;s go. $NURO is already up almost 10%,Bullish
$TWTR Not a false rumour people. Official source at this link. http://stks.co/g07fo,Bearish
$TWTR TWTR will not attract Mom and Pop at this PPS. Mom and Pop are long gone. PPS must come down enough to attract fund managers.,Bearish
$TWTR Less than $1 away from the official confirmation of a breakdown @ $58.80,Bearish
$TGT This will be down to $58-$60 before Friday at the current rate and sentiment.,Bearish
@duke2duke I took notice thanks to you and caught a piece of it. thx! You still in $fb?,Bullish
$ARIA Seriously guys.. Enough with the BS posts.,Bullish
@Hankstar84 I am looking at the march 55-57.5 call spread for a buck... $fb,Bullish
Get $FUEL on the radar,Bullish
$MONT at the b/0 and macd crossed up http://stks.co/g08Ye,Bullish
$BMRN macd turning up today and trying to poke above downtrend http://stks.co/c05Aq,Bullish
"$OXBT nice move Friday, can get to the highs if volume persists http://stks.co/a05p6",Bullish
New Post: So What Is Rocket Fuel? http://stks.co/ssej $FUEL $VEEV $SPLK $VIPS,Bullish
$EEM and $EWZ are percolating,Bullish
$SPX 50 day ma about 10 handles away  http://stks.co/f0CW3,Bullish
"$SSRI Aoyon Ashraf â€@Aoyon_A BloombergFirstWord Jan 24
Silver Standard may see upto 60% cost benefit on ARS devaluation.",Bullish
$AA #options#paper heavy call sells FEB11 this one may crack but will monitor up until E/R $STUDY  http://stks.co/ppJb,Bearish
$MU get ready #beastmode is coming...hahhaaaa,Bullish
$M &lt;&lt;&lt; love to see who&#39;s shorting this name.. will need plastic surgery after your face #rippage,Bullish
"$MCP im for one not selling, you have quite a few hedges coming on today 1/9 but yesterday largest order 1/8 was a  jan(w)6.5cX1069",Bullish
@mamacitalinda will play on E/R day still locked up in $MSFT $MCP #rippage,Bullish
$CTIC @WallStJesus wow this thing just don&#39;t quit..green across the board man..,Bullish
$F earnings 1/28 and div 1/29 this could get interesting....,Bullish
$FB &lt;&lt;&lt; nasty lil stepchild why can&#39;t you be more like $NQ raging #bull,Bullish
$IGT FEB18C/IV=61 APR20C/IV=51 go with the cheaper option no theta burn and decent delta .38,Bullish
$HTZ huge B JUN26C X 5091= $1.3mil bet,Bullish
$YHOO long and strong JAN31W into E/R,Bullish
$ARAY nice job folks...thanks congrats and lets see 11-12 friday,Bullish
$RNN Nice rebound...almost sold bought more,Bullish
"$CREE Earning  just ok  not impress.  $IBM no good at all, $TXN   earning ok too not that good",Bearish
long   $NAV  now,Bullish
$FB -- 58.5 line with 60 target. $SCTY 67 BO with 66.6 line. #stockaction,Bullish
wow $USDCAD at 3 year highs since this call. in my $FXCM account,Bullish
$KNDI short term Support at $13.40. I am still long since $12. It needs to break above today&#39;s high for continuation.,Bullish
$AAPL Check out the ST sentiment graph to the right. I always like to buy when crowds start to doubt.,Bullish
"$APC Tight consolidation looks good. Jan 81-82.5 call spread opened in a block of 10,000. Bullish against 77.75 high level stop.",Bullish
$LULU pigs get slaughtered,Bullish
$MWE Daily chart - failed text of Down Trend Line. http://stks.co/i0CpJ,Bearish
$FCX initiating long position here,Bullish
$EXXI good here if looking for a bottoming nat gas name trying to turn up,Bullish
@Timbosad the fact that $MNKD is having an ADCOM scheduled is a first for them and I see it getting the nod from the committee..PT 9$ by May,Bullish
$AAPL Owning apple stock is a curse,Bearish
"$AAPL Reality is that the smartphone market is very saturated, competition is going to crush apples margins, $475 earnings crash coming",Bearish
"$AAPL Timber Cook has to go, he&#39;s the reason the stock is crashed",Bearish
@SamanthaLaDuc $P I dunno near 6B market cap for a company that hasn&#39;t made a dime over 10 years?,Bearish
"$SIRI Got taken over, next is $P higher stock goes, and less money it makes, more attractive to $MSFT!",Bullish
$P now worth more than $BBRY when it has no assets and owns nothing since it pays license fees to play music on the internet.,Bearish
$P High volume selling if breaks 32 today.,Bearish
"$P CNBC just put a bearish spin on Pandora on rising competition like Beats, is the worm turning?",Bearish
"&quot;@ARNInsiderTrades: Pandora Media EVP Thomas Conrad Sells $1,658,400 in $P http://stks.co/h0B84&quot;",Bearish
$P Beats Music crushing Pandora in interest http://stks.co/e08fF,Bearish
$P $VXX $NDX $DJX $SPY  China credit crisis imminent??? China Trust Products Gone Awry Evoke Soros â€™08 Crisis Echoes http://stks.co/b090P,Bearish
$YHOO This garbage going back to 31$,Bearish
"$P Goldman said even 60$ IS TOO LOW, HAHHAHAHA!",Bearish
$P Last two years this quarter has always been the worst.,Bearish
$TWTR 150$ by year end,Bullish
#Natural #Gas rocketed higher to our first target of 4120/25  as expected http://stks.co/g09Ty $NG_F,Bullish
#Bund lower as predicted &amp; hold support at support at 141.30.25 .Today&#39;s forecast http://stks.co/i0Bzx $BUND,Bearish
Is @IBMWatson in @Jeopardy? #PunIntended $IBM,Bearish
$FB call me cray cray but this has $69  all over it,Bullish
$GBPUSD Strategy: Maintain short position from 1.6370. Exit if market trades at 1.6500. Good luck and good trading.,Bearish
$PEIX is on da move!,Bullish
$JCP where you at?,Bullish
$TWTR Morgan Stanley most likely got tired of losing on their short and decided it was best to cover.,Bullish
@Megaas2000 oh you&#39;ll be fine. $aapl,Bullish
$ARIA $CBMX A lot of strength.. Watch for the next jump,Bullish
"Nintendo once dominated consoles, but the Wii U is a disaster and smartphones continue to eat into 3DS sales $NTDOY http://stks.co/b08Pg",Bearish
Can $CREE gap fill today?,Bullish
"$VRNG As a follow-up, has anyone asked Luke&#39;s opinion of HJJ, considering HIS HONOR just disproved all of the vitriol Luke has spewed here?",Bullish
$TF_F expanding wedge highs. Looking long back to 1169.4 - 1170.6 and higher http://stks.co/e075o http://stks.co/ss4Q,Bullish
"$PLUG 2.94 PM! Today we go to 3, Mars and beyond!",Bullish
"$QQQ Nasdaq rising wedge, overbot, negative divergence. The top is in. $TWTR $IBM $COMPQ $FB $SPX  http://stks.co/g07Qo",Bearish
$TWTR probably going lower,Bearish
$FSLR Love to see a big run into the close to confirm break of the falling wedge.,Bullish
$LULU http://stks.co/pwDj  don&#39;t get excited w an occasional green day. give it time you&#39;ll see. Technical &amp; fundamental story unfolding,Bearish
$AAPL In Weekly Jan calls.,Bullish
$ACT looking to go short,Bearish
The major indices spent all of one day below their 20-day EMAs before roaring back. Bulls still have some pep in their step $SPY $DIA $IWM,Bullish
$SPCB this one is going big,Bullish
$MSTX Except no one goes to a conference to announce bad news.,Bullish
$NKTR will be the next $CLDX $PBYI $CYTR $AGIO $PCYC ...... Analyst Joshua Schimmer PT $20 ; http://stks.co/ptr2  ; Buy on Dips !!!,Bullish
$VNDA looks good too at low $12 and $SLXP $HALO $ACRX,Bullish
"Still think $CBRL way undervalued here, trades 1x revenue and one of lowest p/e in casual dining - $CMG $BWLD $YUM $DRI",Bullish
"$157,000 buy went through on $SEED to clear the 2.50s ...",Bullish
In some $ISRG calls - will be adding throughout the next week or two - one of my top 5 favorite stocks to start 2014 - $SCTY $SSYS $CBRL,Bullish
"$ISRG over $390 like clockwork - $400 key area, comes fast",Bullish
"@vdiddy still bullish on it, think REV trumps EPS on growth stock, so back over $130 today - $SSYS",Bullish
"$ISRG friday, $MLNX this week, 2 of our 5 top stocks to start 2014 on fire before the herd -",Bullish
"$SHLD shorts/bears -watch out on $40 break, you will need new underpants ~(ShIP YOUR PANTS) $JCP $BBY",Bullish
"Usually makes no sense to buy calls on Sub $5 stock, but $SEED corn GMO approval = $8-10 , risk v reward better then common $MON",Bullish
Maybe folks need to spend less time comparing $SHLD to $JCP and more time comparing $SHLD to $SPG ? The â€˜what ifâ€™sâ€™ = $$$,Bullish
"$CBRL trades less than 1xs rev, one of the highest divies in casual dining, P/E lower than peers - $BH stake - $CMG $PNRA $BWLD $YUM $DRI",Bullish
Pair trade of the century - long gaming ($GME $TTWO $EA .. ext) Short $NFLX - mind boggling - sense my sarcasm,Bullish
â€œâ€¦and move the once-remote threat of a U.S. delisting of New York-listed Chinese stocks a step.â€ @WSJ $BIDU $CTRP $SINA $SOHU $QIHU,Bearish
$Z 50dma $80.22 - could start ($Z)looming here -$TRA,Bullish
$ATK new all-time highs - just getting started - $BA $LMT $SPY $ES_F #underraderstock,Bullish
"Just updated my watch list. $HOT, $INTC, $ITW and $PX are the clear bullish ones out of the list.",Bullish
"$AFSI down about 5%. Bear spread on the Feb puts last week not March, typo. At about 1.90 now from 1.52 &gt;&gt; http://stks.co/j09NQ",Bearish
"$PFE treatment to stop smoking meets primary, secondary endpoints.",Bullish
$UVXY The game.  Big block selling last hour of day on $S+P and $VIX spikes and $UVXY?,Bullish
$PCLN... Were you quick to the draw? http://stks.co/a04lP,Bullish
"$VMW $IBM $HPQ $MSFT $A $YHOO ... Here&#39;s $VMW http://stks.co/d06n4 , the rest on http://stks.co/e06tE.",Bullish
$NFLX could pay well tomorrow. http://stks.co/f0EAe,Bullish
MOJO Day Trading Daily Watch List Hot Gainers $JRJC $FEYE $RSOL $PLUG $RIBT $BIOD $ARIA $HSOL $CYTR,Bullish
$DGAZ - MOJO SELLS HALF TIMESTAMPED http://stks.co/psQQ,Bullish
$DUST Trying to be patient with this today.,Bullish
$AAPL if you don&#39;t know the direction for this stock just look at the 5 year. Then buy some LEAPs / Calls.,Bullish
$AAPL look at the sentiment graph. Dip in late Nov and Mid Dec. Both times the stock took off. We need below 70%,Bearish
"$AAPL down side risk is minimal. Anything under $500 will trigger buyback. Wanna bet against $35,000,000,000?",Bullish
$ZGNX this thing is not stoping so jump on for the climax.  Seen it a million times before. It&#39;s not waiting for no body.,Bullish
@Abiondi There are seven $AMZN holders with more than 10 million shares. Better hope they never sell. http://stks.co/g06yG,Bearish
$ZGNX Back up to 4.50 and my other play is up 13.5% today as well - $CDTI,Bullish
"A lot of money to be made tomorrow.  Rest up.

$SPY $JCP $CHTP",Bullish
$DSS $AMD $CTIC $PGNX $AT $END $ETAK $OXBT. Possible &quot;Sprinters&quot; for 1-8-13,Bullish
Top &quot;Sprinting&quot; prospects under $10 for the week. $AINV $DVAX $GERN $HUSA $HXM $MNGA $NAK $RAD $TRTC $VICL $ZA,Bullish
$GSS Chart Update. Many SMA crosses in play. Potential to threaten 200 day SMA this week or next. http://stks.co/prz8,Bullish
$NFLX Chart Update. Retesting 10 SMA (yellow).  MACD hinting a buy http://stks.co/b08d3,Bullish
$WFC $C $JPM $BAC $MS $GS $USB $FITB $BK $KEY Taper talk is expected to resurface this afternoon when Fed releases minutes from FOMC meeting,Bearish
$WFC $C $JPM $BAC $USB $FITB Mortgage Bankers Ass: 2014 mortgage vol forecast to plunge 33% to $1.17trillion from2013 http://stks.co/j08Sm,Bearish
$WFC $JPM $C $BAC Banks to face Justice Dept action against money laundering - WSJ http://stks.co/f08wf,Bearish
$WFC $C $JPM $BAC $MS $GS $USB $FITB $RF $BK $KEY Both WFC and JPM reported notable drops in mortgage originations,Bearish
"$WFC $C $JPM $BAC $MS $GS $USB $FITB $RF $BK $KEY  Mortgage forecasts lowered for 2014 -CNBC- 
http://stks.co/a06SY",Bearish
$WFC $JPM $BAC Drop in refinancing demand has forced banks to find a bigger proportion of their mortgage origination rev in home purchases,Bearish
"$WFC $JPM $BAC Core business analysis: Looking broad market, mortgage applications plunged almost in half in 2013 http://stks.co/rs6H",Bearish
$WFC $C $JPM $BAC $MS $GS $USB $FITB $RF $BK $KEY US mortgage originations slumped 51% from year ago 43% quarter said Mr Gerspach from $C,Bearish
"$WFC $C $JPM $BAC $MS $GS $USB $FITB $RF $BK $KEY Dow&#39;s Banking Stocks Fall Lower as Herbalife Tanks
http://stks.co/h0Aga",Bearish
$WFC Wall ST HighFrequency trading machine sold it at 2:13pm they wil try simulate rebound. It&#39;s a bull trap Careful,Bearish
$WFC $JPM $C $BAC $MS $GS $USB $FITB $RF $BK $KEY FED another $10 billion cut to the bank&#39;s monthly bond purchases at January 28-29 meeting,Bearish
"$WFC $JPM $C $BAC $MS $GS $USB $FITB $RF $BK $KEY Existing home sales for a second month in a row, all regions showed monthly declines",Bearish
$WFC $JPM $C $BAC $MS $GS $USB $FITB $RF $BK $KEY New home sales fell,Bearish
$SU Still going in the right up target $33.10,Bullish
"@Stef540 $WFC $JPM $C $BAC $MS $GS $USB $FITB $RF $BK Fed tapering will lead to LOWER, not higher, rates: DAN ALPERT http://stks.co/f0Dp4",Bearish
"$WFC $JPM $C $BAC $MS $GS $USB $FITB $RF $BK Pending Home Sales: The year-on-year rate, at minus 1.6 percent,",Bearish
$WFC $JPM $C $BAC $MS $GS $USB $FITB $RF $BK $KEY Emerging-Market Stocks Extend Biggest Selloff Since 2008 -Bloomberg http://stks.co/b0Ant,Bearish
"$WFC $BAC $JPM $C $MS $GS $USB $FITB $BK $RF $KEY 15% correction coming: Pro CNBC 
http://stks.co/swB1",Bearish
$AAPL like to see this pullback into the bands then build momentum and blast through $547.50 not &quot;if&quot; but rather when,Bullish
$AAPL IMO trading off charts only losing proposition pro look at them 2 &amp; MM use them to steal your money. Do your homework tune out chatter,Bullish
$AAPL added some April 485 calls just to easy :-),Bullish
$AAPL There r better stocks 2 trade for sure right now I do expect a good year though but it will take some great news &amp; renewed confidence,Bullish
$VRNG How pissed is ST gonna be that this is gonna be top trender tomorrow.,Bullish
$BAC Fu@@k yeah !!! there is some conditions but looking trgouh them now,Bullish
$Sbux found value in 76-80 trading range. longs vs 75 target 85.00 measured move.  http://stks.co/g08Om,Bullish
When previous resistance becomes support. $PSA  http://stks.co/i0AUJ,Bullish
$IWM $TF_F tend support.  http://stks.co/g0DLf,Bullish
@CluELess8 $TF_F FAILED no new high EOD so $ES_F Wave 3-(1) can push into the upper BB line 1852.75 this week http://stks.co/j06PC $SPY,Bullish
"@nateone A few more ticks ... I have my NEW shoes on, so I sure HOPE I can keep up with her. http://stks.co/c03Z9 $ES_F $SPY",Bullish
"$ES_F GOOD GOD, Man!! Triple BOTTOM on a Sunday night 1823 great way to start Wave i of (3) .. U know $SPY $SPX $AAPL http://stks.co/i07S0",Bullish
&quot;@TradeWithMojo: $ES_F Wave (b) of (X) ENDING .. LOD 1821.75 // EMA(13) 1820.34 $SPY $SPX&quot; // 15 Points UP please,Bullish
$ES_F 13 Points up for Wave (c)-(X) or a lot higher into our QE POMO in the morning $SPY,Bullish
$GC_F $GOLD ... RSI(9) still pushing under RSI(30) which is under 50 // http://stks.co/spuI,Bearish
"Good God, Man!! YOU  have to love your &quot;CheezIT&quot; LOD 1826.25 // OVER 1st HOUR OPEN RANGE hi $ES_F 1838.75 SHORTS are TOAST $SPY $SPX $TZA",Bullish
$SPX Monday selloff is a warning sign **oops TYPO!** &quot;GIFT FROM  GOD!&quot; http://stks.co/srbg $ES_F $SPY Wave i-(3) [bullish count] $AAPL,Bullish
WHY is $AAPL still under $600 http://stks.co/b06Vq $NQ_F $SPY $ES_F,Bullish
$ES_F PUSHING over the 1st HOUR OPEN RANGE is always bullish 1843.00 U know $SPX 10 MORE POINTS UP,Bullish
....... last year I said if $LNG pops into Wave Five http://stks.co/e077a $SPX will too which we did yesterday // and NOW here comes 1900s,Bullish
$ES_F Wave (c)-ii ENDED 1834.5 today... Wave iii-(3)= 1900+ [wave 3&#39;s LOVE bigger POMO with TICK over 10K today] http://stks.co/j0Ab5 $SPY,Bullish
$ES_F Some TRADERS LOVE double TOPS 1844 // BEARISH under 1847,Bearish
$ES_F 1776.25 A BEAR&#39;s best friend .. higher lows :-$ http://stks.co/j0CtM // TARGET into Mar. 2014 $SPX 1835,Bullish
$ES_F LOD 1767 Inverted Head and Shoulders setting up ... 1820 measured move http://stks.co/c09f2 $TNA $TF_F $NQ_F $YM_F $AAPL,Bullish
&quot;@CluELess8 great work ! MoJo for PreZ!&quot; // lol ty ...  &quot;IF&quot; they push under the BB line again 3X LONGER ..BABY BABY 1764 KEY // $SPX $ES_F,Bullish
$6.25B QE POMO into Sunday 1772 KEY Inverted Head and Shoulder // Descending Triangle Measured MOVE 1790 // 1781.25 main breakout $ES_F,Bullish
$AAPL DIP under $495.88 VERY BULLISH http://stks.co/j0ENJ IF you know what I mean Wave B= $575.14 The MOON $NQ_F&quot; $SPX Wave v-(1) 1850+,Bullish
$GALE I&#39;d buy stocks now damn went in too early $dvax $kerx,Bullish
"$CL_F Heading towards 2nd Tgt 95 below 96.36
26 DEC Sell Call @ 99.70 $CL tgt hit @ 96.86 Tgt Active @ 95 once we crack 96.36 Now @ 96.56",Bearish
BINGO $NOAH Bang on target 16.80 days low 16.63 now @ 16.99,Bearish
$AMZN target 384,Bearish
$GC_F $XAUUSD CRASHHHHHHHHHH - Didn&#39;t i warn you Folks ?? 1230.10 1st Target Achieved $GLD Next Watch for 1218 Resis &amp; sell level for nw1236,Bearish
Sell $CL_F $CL b/w 94 - 94.18 average if get 94.36 target 92.58 stops 95.05 $WTIC $Crude,Bearish
@CGB01 Definitely you will get it - Sell Initiated @ 99.70 ultimate tgt 90.82 - 89.96 $CL_F $WTI,Bearish
Target hit $CL_F $WTIC,Bearish
Sell $CYTK  @ 9.26 momentum target target 8.96 Bearish,Bearish
"$SPX Violates 1816 Watch for 1808 , below that - Its a Nose Dive 1720 - 1718 - 1708",Bearish
$BBRY Likely to fill targets 8.8 - 9.08 today,Bullish
$ABX approach best short level 18.18 its a sell for tgt 17.82 - 17.22 for now,Bearish
"$BTCUSD $Bitcoin $USD $Dollar - Intraday/Positional Call
Sell @ 965 stop loss 996 target 908 - 888 - 872",Bearish
"$GBPUSD Approaching Our Positional Call - Best short Level 1.6496 , Now trading @ 1.6484 - Call Active for the same target 1.6206 #GBPUSD",Bearish
@Wudeye @Arbitrage_Drama Where is my Beer? $TSLA,Bullish
$ES_F $SPX Intraday Fresh Resis &amp; Best sell b/w 1816 - 1820.45 average @ 1824.80 Target 1800 - 1796 Positional tgt active @ 1718 #SPX #ES_F,Bearish
@Grazen Cautious Trade $AMZN momentum target 384,Bearish
$CL_F Will Drop Now!!,Bearish
$GC_F $SI_F $XAGUSD $XAUUSD Nose Dive ?? Watch for 19.26 - 19.02 - 1236,Bearish
$EURUSD Momentum Trade 4the Day - Best Sell 1.3648 target 1.3548 - 1.3524 Positional Target Active #Forex $Fx,Bearish
$NG_F $USO target active @ 4.586 - 4.480  $Natgas $Ng,Bearish
$VGK building a position!,Bullish
$VRNG remember all those guys who said to sell @ $3.15-$3.20 earlier this week... haha,Bullish
Falling inflation expectations mixed with rising $GLD price doesn&#39;t mix. $GDX $NUGT $GDXJ  http://stks.co/i0ChG,Bearish
$PLUG Lower volume on the p/b&#39;s.,Bullish
"$PLUG Signal cross on 5min MACD, STO, KST, Vigor, &amp; AO. Yummy. http://stks.co/h087F",Bullish
New 52-Wk Highs (Nasdaq) sorted w/ Vol: $FCEL $NBIX $BLDP $YHOO $MRVL $GALE $CSIQ $GLUU $EXEL $GT $STX $MPEL $SEED $ETFC $HZNP,Bullish
$TSLA Long some for a swing.,Bullish
"$PLUG Jan 23, 2014. &quot;Is 2014 the Year of the Fuel Cell Car?&quot; Scientific American.  http://stks.co/f0Cdk",Bullish
Got these mentioned on the StockTwits Blog with the help of @ChicagoSean $PLUG $BLDP $ARIA $ADHD http://stks.co/e0ADT,Bullish
&quot;@ClayTrader25: $ARIA Technical Stock Chart Analysis_ 1/31/2014 - watch here: http://stks.co/g0Ekl&quot;,Bullish
$SPY looks like SPY is following more $GE thane $MS.,Bearish
$GOGO this stock is going to reverse. This was all Asia news and dumb money dumping.,Bullish
$CELG http://stks.co/b0AfW,Bullish
here comes corn.....$ZC_F $CORN,Bullish
Crude Oil weekly failing at original 2011 downtrend line. very sloppy. no touch for me $CL_F http://stks.co/f09dS,Bearish
Platinum continues to be one of best metals charts. Giant 4-year pennant. Waiting for breakout $PL_F http://stks.co/rrRc,Bullish
I look at a lot of charts - but this is my favorite setup going into 2014 http://stks.co/a06kb $PA_F $PALL,Bullish
$DIS at critical spot here running to upper boundary of 4yr rising wedge. Bearish RSI divergence too http://stks.co/h0B3P,Bearish
Consumer Discretionaries struggling as retailers and homebuilders continue to slide $XLY $XHB $XRT,Bearish
I mentioned crude oil chart yesterday $CL_F nice follow through today as that false breakdown last 2 wks created a beautiful squeeze,Bullish
Turkey continues its crashola $TUR down 30% in less than 3 months,Bearish
NEW POST: Remember Commodities? http://stks.co/a095i $CCI $CRB $CL_F $GC_F $GLD $USO,Bullish
New 52-week highs in Nasdaq overlaid with price of Nasdaq Composite. Deterioration @SeemaCNBC $COMPQ http://stks.co/h0CqN,Bearish
Time For Gold Stocks To Outperform Gold http://stks.co/a09Mq $GLD $GDX $GC_F,Bullish
here is a good reason japan can get destroyed from here. I wrote this back in November http://stks.co/pui7 $NKD_F $DXJ $EWJ $USDJPY,Bearish
Taiwan nasty breakdown today to 5-month lows $EWT - this 13.80-14 level is now going to be a problem on any bouce,Bearish
gold and treasury bonds are hanging in just fine today $GC_F $ZB_F $TLT $GLD,Bullish
NEW POST: Is this a Double Top in Turkey? http://stks.co/a0AJU $TUR,Bearish
I would not be surprised to see a dead-cat bounce in S&amp;Ps start from right around this area $SPX  http://stks.co/i0DrE,Bullish
Its been 15 months since $SPX hit lower bollinger band. 15 months also how long it took b/w &#39;09 &amp; &#39;10 lows. Also how long b/w &#39;10 &amp; &#39;11 lows,Bearish
Here&#39;s the video I did with @paulvigna yesterday @WSJ - How Does Sunday’s Outcome Affect Markets? http://stks.co/qvlH $XLY $XLU $SPY,Bearish
"and another thing, If you&#39;re going to buy a stock, is this really what you want to own? $C vs $SPY  http://stks.co/c0AZl",Bearish
Here&#39;s Coffee breaking downtrend lines. Looks like higher prices are finally coming $KC_F $JO  http://stks.co/a0Ayx,Bullish
"@zwischler Hey if shorts can tell a story of it going to 0, this is my little $JCP story that I like : )",Bullish
$FMCC Just realized this has grown to become my largest single holding.  Not selling...,Bullish
$ARIA got up after two hours of sleep,Bullish
added $mcp .30,Bullish
WOWOWOW  look at BATS ha ha STOMP $AMRN,Bullish
@Savantah Proper excelent news from FDA we leap to 10-15 Monday $AMRN,Bullish
Short $CMC again &amp;  $AA $SPAR $DAL $ORCL and am core long $MCP but lookn to short today http://stks.co/a09Fk GL,Bearish
$TRLA and $Z look ready for the next leg up.,Bullish
$IOC short setup $SPY $VIX http://stks.co/qtjL,Bearish
$RVLT Needs something to fire it up. Inevitable it will hit $3.60 soon,Bullish
$ARIA tripled my position long today.,Bullish
Best Tech Stocks(3 months) &gt;&gt;http://stks.co/e03LQ $AAPL $ALU $NOK $PCLN $SIFY $HPQ $NFLX $BIDU $AMAT $YHOO $SPY,Bullish
"Stock market forcast&gt;&gt;&gt;
http://stks.co/e04a1
$aapl $adm $alu $amd $hpq $c $ldk $aig $spy $aa",Bullish
"Best stocks to buy&gt;http://stks.co/rqNf
$aapl $adm $amd $alu $hpq $aig $ldk $c $aa $spy",Bullish
$AAPL Stock Predictions: 9.48% Gain In 90 Days&gt;&gt;http://stks.co/troP $SPY $QQQ $DJI Bullish,Bullish
"ETF Outlook Based On Algorithms: 21.59% Gain In 3 Months&gt;&gt; $IBB $TBT $KBE $SPY $IYT $FXI $IYT $EIRL $EWD 
http://stks.co/d08bx",Bullish
Best Tech Stocks&gt;&gt;&gt;http://stks.co/i0DLg  $ALU $TSLA $BBRY  $CRM $CSCO,Bullish
$FB AH we will hit $58 without doubt,Bullish
"$NBG today lets hit $6, bears go short $SHLD not this one",Bullish
$FB looks like iron condor / straddle are in play,Bullish
$FB come on lets break this $58 barrier line today!,Bullish
"$FB just some hungry bulls taking their breakfast with the profits, it will jump high in few mins",Bullish
@WeeGoody $FB like it over 53.50 ! &gt;&gt; you got it ;),Bullish
"$FB facebook got great ER and its going up, why would TWTR go ??? brothers sharing properties ??? lol",Bullish
$FB Added  more at $60.80,Bullish
$FB going to hit 62.5 again... cheap to buy,Bullish
"Just guessing here, but I&#39;m pretty sure newsletters are more effective than Facebook pages for companies at this point, due to cost. $FB",Bearish
$VRNG  $plug  $Gale all trending up in my portfolio,Bullish
@roxiesweet  $plug . lard ass go away.  u got no clue!!!!,Bearish
@UpMayo $PLUG&gt; they had better lay off the starbucks... I&#39;m sure they are gettn nervous,Bullish
$PLUG  holding up well,Bullish
@unmystical84  $plug. just remember its a business update,Bullish
$ARIA  here we go again,Bullish
"&quot;@KimbleCharting: Two monster mega phone patterns, with fundamentals a TON different now, than in 1982! $DIA $SPY http://stks.co/soPP",Bullish
losing MOMO names are now starting to plunge  - see $rh $lulu $soda ...definitely fresh money chasing ill advised imho $spy,Bearish
Provacative....discuss...is $yhoo even worth saving http://stks.co/rtGZ,Bearish
"Next big move at hand? @PeterLBrandt: Is the U.S. stock market about to go parabolic? $ES_F, $SPX, $SPY, $QQQ http://stks.co/h0CF5",Bullish
$BBY How to catch a falling knife :&#39;pyramid in your buys smallest to largest as the knife continues its falls,Bullish
@gabbs ... but this pull back gives people another chance to play the value game with $NTDOY.,Bullish
$KNDI i just patented the word KNDI.  if you say it you owe me some $$,Bullish
$VRNG Bought 1k at 3.74 lets roll,Bullish
$MJN ON WATCH.  http://stks.co/f07O6,Bullish
$RMTI adding to my short position at 10.40. Thank you),Bearish
$KNDI Long since $5 will not sell till 100+ KNDI is the future $TSLA $PLUG This is going to be big!,Bullish
"$ARIA lol this is a fraud stock. gonna hit 2$ soon, just like $FU",Bearish
$FFIV - will slowly settle down around 102-104 area by opex,Bullish
$F buying more at this level. understand that this may not pay off big until 2015 but it WILL pay off big eventually,Bullish
$AAPL ...No tweets during trading hours from now on - good luck today,Bearish
$AAPL Once above 541.57 bear will scream,Bullish
$AAPL Took profits at 544.2ish  Yikes day !!! man lol,Bullish
$AAPL Face ripper is coming...,Bullish
$AAPL I never understood how and why people fall in the future reversal trick again and again...,Bearish
$AAPL Sold most of puts here,Bearish
$AAPL Imagine the sell off until EOW ? Puts will pay big,Bearish
$AAPL PUTs here...   iPlummet,Bearish
$AAPL Applelanche,Bearish
$AAPL 15 min chart: RSI moving above or below 50 that easy...,Bearish
"&quot;@Weston: $TSLA $AMZN $PCLN $GOOG $NFLX 2014, the year of the bear...let&#39;s do it&quot;/// yeah baby!",Bearish
@Tenshi28 Yes but they have now added a large green AUTHORISED FOR USE IN THE EU label at top of the site = very encouraging for $ARIA ;),Bullish
$CERE volume has disappeard.. calm before the storm,Bullish
$EGI Entree Gold was $3+ a share in 2011,Bullish
$VRNG My prediction is the bounce will start very soon - not crazy though,Bullish
$BMA EPS estimates for this Q revised fm $1.41 to $1.59. $5.89 for current year drops the fwd P/E to 3.9. Good Rev growth. 2 analysts. Y!Fin,Bullish
New positions in $FTK and $LRCX.,Bullish
"17-1-2013 BUY $RFMD at $4.98
Stop: 4.84,   Loss: 2.2%
Target T1: 5.19,   Profit: 4.8%",Bullish
"22-1-2014 $SNI BUY at $75.85
 Stop: 74.73,   Loss: 1.6%
 Target T1: 79.88,   Profit: 5.2% www.swingstocktraders.com",Bullish
"@d_yTrad3r sweet good luck, $CRM is worth $25 at best...trend is your friend until it isn&#39;t...",Bullish
Shorts being accumulated for another squeeze in $REFR. Yesterday will revisit !! Holding strong to the top !,Bullish
$WDAY interesting here,Bullish
$QUNR flexing...,Bullish
"$RSH Just added small portion. $TWTR, $F, $CYNI, $RSH",Bullish
$BBRY is attempting to break above recent highs. http://stks.co/sogp,Bullish
$HTH Buy area when clears $24.05 on heavy volume http://stks.co/d0525,Bullish
"$ARIA 6.9 is the pivot here. If the stock breaks, we could see 7 quickly.",Bullish
Bios Bios Bios $ACHN $ABIO $AVEO $CDXS $RNA $ARIA ----&gt; watch this baby $DCTH,Bullish
$ACST squeeze,Bullish
"$RVM The last time the stock price had a solid breakout in the 80c range, it doubled. http://stks.co/c086V",Bullish
$NUAN BINGO BINOG BINGO,Bullish
$EBAY Wow !! Fantastic !! Reports Q4 EPS of $0.81 vs $0.63 Est; Revenue of $4.50B vs $3.90B Est,Bullish
"$ONCY If it breaks 1.91, we could see 2 quickly.",Bullish
$GOGO Watch if it breaks above 100ema.... keep an eye on $SCON  http://stks.co/pw6d,Bullish
"$VOD was bullish before the AT&amp;T rumors, and its a solid company, it will recover back to new highs.",Bullish
"$YY In at $45, $46, $49.  have ridden this long and will ride the bumps until we go higher.",Bullish
$CBMX $VTUS are my current bio positions. $SIFY is non bio play. For you curious followers that want to know my positions. &amp; lots of cash $$,Bullish
"$VTUS abnormal volumes today people, I said it would trade $4 this wk. Watch for any more HF fillings this wk, IMO. Havent sold a share",Bullish
$CBMX This is a early stage gold mine. A multibagger for us long term holder. Company set itself up for breakout. Not in for pennies. Cheers,Bullish
"$CPRX is my 4th blog piece, the previous 3 blog had reached my short term PT in a month or two. Those are $IDRA $CYCC $IMUC. We&#39;ll see. GL",Bullish
$HUSA is really holding up!! Odd know one is pumped bout this $$$$ coming there oil in them hills,Bullish
$QCOR Now they are meeting 40+ analysts/fund managers to discuss what was just covered in further detail Even more institution ownership?,Bullish
@thebearishbull $PAL shouldn&#39;t have wasted time expanding their mines when they weren&#39;t making money in the first place. #fail,Bearish
Technical Gold Report: New Gold Bull Market Cycle Has Started: http://stks.co/a05r3 $GC_F $GLD $GDX $GDXJ $DGP $AIU $NUGT,Bullish
$SBUX $GMCR $DNKN It&#39;s hard not to get rich in these stocks http://stks.co/e07RA,Bullish
$ARIA I see 7.99!,Bullish
"$BLK just filed a 13G/A for $DDD. Yeah, that&#39;s because they&#39;re taking a 5.7% stake in the company! (5.5mln shares). cc. @howardlindzon",Bullish
$KNDI this $KNDI machine is a $14 or $15 pop waiting to happen. buy calls OTM and you will be rewarded in due time...,Bullish
"$KNDI Don&#39;t leave the party before the $KNDI is served in the A.M, when she runs!!",Bullish
"&quot;@TalkMarkets: Credit Card Companies: Poised To Continue Their Charge
$AXP, $V, $MA, $DFS, http://stks.co/rr52&quot;",Bullish
"$2 move in a fraction of a second, that&#39;s all it takes. $GC_F $XAUUSD $GLD",Bullish
"$AAPL What else are people of here invested in/trading? For me it&#39;s $TSLA, $AIG, $NLY, and I just picked up a small bit of $JCP",Bullish
$BEAT Great product. $15+ by 2015,Bullish
Is The #Pressure Too Much For #CafePress? http://stks.co/g0BYp $prss $gknt $amzn $ebay #ebay #amazon #geek net #investing #stockpicks,Bullish
"Dec 31, 2013 Year End Portfolio http://stks.co/a03J9 $ICON $PRU $AWAY $FNGN $PCBK $POL $LVS $UA $ARMH $EVR $FB $YNDX +3.1% each position.",Bullish
"January 10, 2014 Buy List http://stks.co/d05rh $ANFI $NTES $ALGN $MIDD $HAIN",Bullish
"Portfolio Update: January 25, 2104 - Uptrend Now Under Pressure: Down 2.5% / 3.6% $POL $ALGN $EVR $FB $APO",Bearish
$FNMA $FMCC $XIN $GDXJ $NUGT $MBI $AIG $REM $NTI $NSPR $ONCY $ARR $TAN $FCX $ZNGA Happy New Year,Bullish
$XIN I&#39;ve seen this price manipulation before with $FNMA and $FMCC. Look at the 3 charts and compare.,Bullish
@Exit_16W $FCX Looks like an inverse head and shoulders pattern about to form there. Can see it on this chart too. http://stks.co/prvH,Bullish
"$FCX Freeport McMoRan Earnings Fall, But FCX Stock Is A Buy for the Long Haul http://stks.co/ruPy Institutions should buy the shorts.",Bullish
"$NUGT $GDXJ $GDX  $JUNR $TGLDX $FCX
Follow Hard Assets
Coin shortage and rationing: A Possible threat to gold buyers http://stks.co/c09n4",Bullish
$FNMA $FMCC $MBI $REM $ARR Remarks of Counselor to Secretary of Treasury for Housing Finance Policy Michael Stegman http://stks.co/g0EAN,Bullish
$VRNG another good day so far,Bullish
$TRGT 77% institutional ownership.,Bullish
http://stks.co/h074B Early Stages of a #comex breakout  $GC_F $gld $GDX $ABX $GG $gold stocks paving the way 4 miner laggards 2 go higher,Bullish
traded $spy $IBM $ABX $P $nflx and $FB today and by far $FB and #Pandora are the clear winners http://stks.co/ppYt â€¦ #stockaction,Bullish
http://stks.co/j08Ox if you didnt back up the truck on $DAL $tsla and $FB calls yesterday your aren&#39;t in the right trading group,Bullish
http://stks.co/j0CLv  this is our trading plan we shared with you on the 15th premarket $TSLA $study #realTimeAlerts,Bullish
"$INO 6,000 Shares In at 2.59",Bullish
Bull Flag forming? Can Carl inflate it past Fib resistance? $AAPL $QQQ http://stks.co/stlU,Bullish
"out of favor opportunity, haven&#39;t seen n 3 yrs! Bullish patterns and extremes in sentiment! $STUDY  http://stks.co/e096A",Bullish
"Turkey down 50%, on support and bullish falling wedge. Be long with a stop below support. $TUR $EEM  http://stks.co/b09xf",Bullish
&quot;@roy95th: @AKEB Agree I&#39;m playing $TWTR with calls. $P is just a momentum play as well,Bullish
$VJET The ASKs are thin all the way to $45.14,Bullish
$ARIA On my platform I see clear skies all the way to $7.75,Bullish
$SLV Increased my position by 50%,Bullish
$ARIA definitely not selling here,Bullish
"@ankipate lesson is to make money on $AAPL sell calls. even if big news hits like $CHL, the call selling ring has enough ammo to squelch it",Bearish
$FB wat? i thought no-one used fb anymore. lol,Bullish
$HEB on the run! $RNN $ISR long,Bullish
$NQ poised to take off,Bullish
$AAPL &quot;BULLISH&quot;,Bullish
$AAPL &#39;Bullish Engulfing Pattern&#39; just confirmed on my trading platform....,Bullish
Dam it!!! I thought buying $CBI after dropping 10% since last week was a bargain. $AAPL Time to load more this week.,Bullish
"@braintootired Nas Dow sp500....don&#39;t worry, Apple will be sub 550 by the open $aapl",Bearish
$AAPL Peter is manufacturing a &quot;solid&quot; report....most likely $18-$20 eps...the next quarters will be less (manufactured results again),Bearish
$AAPL What song comes into my head for people who pay subscription of 99/month....$TSLA was said to be a short LMFAO! http://stks.co/i09y2,Bullish
$AAPL Let&#39;s just put it this way....if they can&#39;t BEAT this quarter....they won&#39;t be beating for another 8 quarters,Bearish
$AAPL wtf,Bearish
"$TWTR Dr. J got greedy and didn&#39;t sell up top. Eventho he bought at 59s and still have some profits, greed is the killer of all.",Bearish
$GOGO intraday double bottom reversal,Bullish
$UVXY nothing stoping her from making new LOD. Keep her down boys. 50s by EOW. http://stks.co/c09yT,Bearish
$CUDA @bondwell thanks I didn&#39;t see it said central time,Bullish
$CUDA Boa downgraded to a neutral but raised price target from 26 to 39.50,Bullish
@bullish100 $CSIQ siting on 10 SMA of $40.81.. Lots of folks buying day highs will regret it,Bearish
"$DGAZ in @ $6.95, lets see how this turns out",Bullish
"$KBIO Very Nice... I missed, wait for the pullback",Bullish
$RNN BOOM,Bullish
$MSTX $RNN What is on everyone&#39;s watchlist in the Bio Pharma world?  I am looking to add to $RNN $MSTX and 1 more.  Already looking at $ELTP,Bullish
$HEB $MSTX $RNN I would like to thank everyone that has followed me here on StockTwits.  I look forward to with chatting with you all 2014!,Bullish
$MSTX Looks like we will be over 20Mil in volume today.  That&#39;s huge!,Bullish
"$VRNG Premarket it&#39;s falling BUT HOLD TIGHT! It WILL pop again!  

http://stks.co/puHY",Bullish
"$FB 45,000 Feb $55/$57.5 Call Spreads just hit the wire!",Bullish
$MNGA Building a nice base @ .83.  Get ready for it to pop. IMO Loading the boat @ this level.,Bullish
$UNXL Looks like all dips being bought,Bullish
$PLUG geez getting slammed...well im holding so who cares,Bullish
$FB testing again...strong move later,Bullish
&quot;@QuickCASH: $FB NO BRAIN people buy in afterhours u will get burned&quot; HAHA you are getting burned right now!,Bullish
$FB  go go go,Bullish
"$FB Q2 ER trajectory: Massive move on day 1, followed by a very small sell off on day 2. Day 3 and 4 saw over a 10% move to the upside.",Bullish
"$TSLA poor $GM and $F numbers weighing on Tesla.  well, algo&#39;s dont &#39;think&#39;... yet. bad for GM is good for Tesla",Bullish
$TRLA above 40 will get more interest .,Bullish
$SPXU Looking for the market to continue to sell-off thru the day,Bullish
$LOGI sold some @ 16.18,Bullish
$GRPN bull trap.,Bearish
$AAPL I like that its stepping up rather than straight flying. Stronger reversal.,Bullish
"@umair Not unlikely. It will depend up whether there is a gap up tomorrow. Definitely yes, with some favorable news. $AAPL",Bullish
My hopes and dreams: $AAPL $MSFT $SBUX,Bullish
$FB 60 print on Friday?,Bullish
Finally $MITK woke up.. now the ride up begins from now on..,Bullish
$INO is going to make huge gains 1st Q 2014...it&#39;s foolish to sell at these prices...you&#39;ll be buying much higher soon imo,Bullish
$ARIA back to Fridays high,Bullish
$PPHM $cytk $vicl $rnn $arna $ino glad to see an upward correction today!  i just might have too many biotechs...,Bullish
Short 1000 $SFUN at 91.75. These Chinese companies are a joke.,Bearish
Long $LAD at $58.5 - Oversold $60 target,Bullish
$ES_F $SPY $SPX I&#39;m long on emini target 1838 entry 1831 http://stks.co/b03IF,Bullish
$SPY I told you that it will happen 3-4 points run to the upside $ES_F $SPX $DJI $QQQ  http://stks.co/j09Ls,Bullish
"$BBY Like I said before, invest your money and watch it disappear! http://stks.co/j0D79?",Bearish
@soccerplayer06 @YazzJr But tomorrow $AMRN finally catches a break from the FDA when the Orange Book is Updated,Bullish
Trade flow continues to grow to the sell side and the Dow is at new lows for the year  $SPY $ES_F  http://stks.co/i09VY,Bearish
"MYMX - Really worth to check this news. Huge potential for the coming years !
http://stks.co/a04ne
$ARNA $KERX $ACAD $DNDN $VVUS $SRPT",Bullish
$LULU just ugly... so bad. under 46.35 looks like room to 44.40,Bearish
$VRNG Any word any change ? Nope - be back in few months to check - #runmonkeyrun,Bullish
Watching 1/14 $AMRS $AVEO $BASI $BIOS $BTG $CHTP $CUR $CYTR $DNDN $DRWI $FCEL $IDRA $KUTV $KWK $MEET $NVAX $ONCY ..BOOM..,Bullish
Watching 1/17 $ABIO $BLDP $BORN $CENT $CUR $CVO $ECTE $FRO $FXEN $GNK $HSOL $IDSA $IPCI $KWK $NURO $OCLR $PGNX  ..BOOM..,Bullish
Watching 1/22 $ABIO $ACLS $ADAT $AMCN $AMRS $BIOD $CAK $CBMX $CENT $DAEG $ECTE $ENZ $EQU $ERB $ETRM $FRO $GERN ..BOOM..,Bullish
Watching 1/28 $CWTR $FAC $HNSN $HXM $IO $MGF $NPD $NURO $NYNY $OMEX $PRXI $PTIE $PZE $RCON $RSH $VIMC $VTG $WRES $ZLCS $CENT  ...BOOM..,Bullish
Watching 1/28 $MTL $NOR $PLUG $PSDV $PTIE $RBY $RT $STEM $URRE $VTUS $XCO,Bullish
Watching 1/31 $KWK $LEDS $MERU $NIHD $NURO $OCLS $PLUG $QUIK $RSYS $STXS $UNIS $VRS $VTSS,Bullish
$CVX Might be a little early. Would like to see price make 126.40 before a retrace http://stks.co/f07HJ,Bearish
"$NQ after 16.0, short squeeze action",Bullish
$NQ moving up in step with $SPY good sign!,Bullish
$NQ Huge MarketWatch story today on Carson Block,Bullish
"$JCP lives, investor information now available @jcpnews",Bullish
"$BBRY been holding since 11/04/2013 @ 6.85. Incredible turnaround story, more to come",Bullish
$USDJPY green!,Bullish
$NQ 16.41 where is the news?,Bullish
$DL Breakout Play. Breaking out of consolidation on volume. http://stks.co/troC,Bullish
$FB Have you considered plug power they are up 150% percent this year next business update is tuesday!,Bullish
$PLUG i originally bought at .80 cents they havnt taken a dime! When your see the light wendsday bears follow me ill be here,Bullish
$PLUG 100000 shares its not 730 we have soo much time! Predictions price/volume?,Bullish
$PLUG Sorry suckers that sold,Bullish
$PLUG Movin on up to the east side to a deeeeluxe appartment is the skyhighhigh mooooohhhoooooovin on up,Bullish
$PLUG I will take anyone that doesnt freakin sell before the cc to sizzler!,Bullish
$PLUG i listened to the same call as you guys yeah hes no tony stark but hes no billionaire. Yet. Biggest in the world sounds pretty good,Bullish
$PLUG Holy Crap she&#39;s not even close to running out of juice this one - scorching up the AH market...,Bullish
Anyone bullish looking at the following chart $SPY $QQQ I have a piece of advice BTFD &amp; BTFATH works... Until it does http://stks.co/a0AWy,Bearish
$HEB Check the pm and volume today. Maybe there will be some break news coming soon who knows ;),Bullish
$ARIA eat it shorts...eat it good! http://stks.co/a08sT,Bullish
$AMD YEAHHHHHHHHHHHHHHHHHHHHHHHHHHHHHHHHHHHHHHHHHHHHHHHHHHHH,Bullish
Long 1/3 $AAPL @ $542.39 //want to fill 3/3 position around the 50day. Hoping of product lineup refresh this year. Bullish on $AMD &amp; $BBRY 2,Bullish
@Pastramiking $BAC Agreed. Set it and forget it.  Now sitting on the 2019 A-Warrants.  Looking good!,Bullish
@SullyinFL I hear you - in fact I got Scalded for $5k+ when $ECTY went down the tubes a few months ago - OUCH!,Bullish
"@WorldCitizen For $ARIA ? I saw $CUR was on the climb, then dropped back a bit. All good news!",Bullish
"$ARIA Ahemâ€¦cough coughâ€¦the 3pm Volume Report, brought to you by none other thanâ€¦Moi! 2.7 Million shares traded in the last hour. 10.7%^^^^UP",Bullish
$AMRN still holding $2 strike Mar14 Call options.,Bullish
$GE Getting long monday,Bullish
$TAN $SCTY $CSIQ $RSOL solars are hot again and getting bought everyday.  buy ahead of the momentum. SCTY explodes 2mrrw,Bullish
$TTWO when it moves it moves quickly. patience always pays off. this SA article and cramer have been saying same thing weve known. patience,Bullish
"$SPY liking look of chart on $GDX.....long for test of 20dma, 23.75",Bullish
"$SPY $SPX $IWM $DIA $QQQ  Remember, Nasdaq was -11% first four sessions of 2000....anything can happen in markets, rule number one",Bearish
"$SPY $IWM $DIA  bloggers say market cannot go down anymore, new era of prosperity...bear markets a thing of the past??",Bullish
"$SPY $IWM $DIA $QQQ  reality is, most of the jobs created were at McDonalds and Subway...easier to stay home and collect disability seems",Bearish
$SPY $IWM $DIA $QQQ  need to stay on FlashCrash alert here....algos pulling bids now...,Bearish
"$SPY close above 185, target 188....",Bullish
"$NUS  think about how many longs are trapped now, from much higher levels....sellers all the way up, just hoping to get out",Bearish
"$SPY both NAZ and Russell breaking to new highs....$IWM $QQQ, even on crappy volume...been hallmark of this bullmarket",Bullish
$SPY $IWM $QQQ $DIA  the bulls panties in knots over a 1% slide...what will they do when the Dow is -500?? this is not a &quot;correction&quot; lol,Bearish
$SPY $IWM $DIA  high odds of a Monday crash type scenario....head&#39;s up.,Bearish
"$SPY $IWM $DIA $QQQ  Fed will cave in on Wed, trigger rally...that rally is to be sold into",Bearish
"$SPY $DIA $IWM $QQQ economy weakening quickly, 90 million adults not working, food stamp nation etc...FED is trapped with QEternity...",Bearish
$GILD ....and here we go...break the HOD damn it.,Bullish
$TSLA C&#39;mon....you can do better.  ;-),Bullish
@Greenzone1 should buy $RNN and $MNOV tomorrow.,Bullish
$YHOO this is the ideal buying opportunity. Just wish I had more cash.,Bullish
$TWTR  is heading to a new high.cover your shares now!,Bullish
$DDD horizontal breakout,Bullish
$JPM  Why would they not have great earnings.... 2013 was a great year for IPOs which generated enormous fees for underwriting..,Bullish
$IPCI $CRDC $CPRX $VTUS $RNN $MSTX $NSPR $BIOD $ARNA $DRRX - Time to get money... 1/22,Bullish
$FB FB options heat map over 33K ...26K calls today,Bullish
&quot;@jonathanchui: $FB Taper = Timbeeerrrrrrrrrrrrrrrrrrrrrrr LOL&quot; your too much,Bullish
"$SCTY Should have bought more, always should buy more $TSLA $ SCTY $JKS $SPWR $CSIQ $PLUG $KNDI",Bullish
$ITB looks good retest of base breakout $SPY http://stks.co/rtzD,Bullish
$ICLD REDCHIP.com projects 46 share price,Bullish
$PLUG they are exceeding revenue expectations in just the first quarter practically fully booked insane not to buy this dip,Bullish
$AAPL still looking like a 9 down coming...  http://stks.co/rpc7,Bearish
$AAPL breaking into enterprise- JP Morgan says,Bullish
$CTXS We are long 4 names.  Here&#39;s a hint. http://stks.co/psCY http://stks.co/b06k6,Bullish
$USDCHF still looking good to me.  http://stks.co/a04FC,Bullish
"My $GTAT tech friends - Take a look at $LIQT - Up and coming tech for water. Worth a look. I promise. Or wait til it hits $5, your choice.",Bullish
$ICPT grab 297,Bullish
$TSLA I would love to see a consolidation well over 158 this week,Bullish
$TSLA $FEYE Been very strong,Bullish
My Horsemen for the year are $SCTY $TSLA $TAN $GOOG $ FEYE $IRBT $PCLN $Z $SBUX $NKE  But there maybe Adjustments.,Bullish
$TSLA Buy this for the long term people. It&#39;s not a trade.,Bullish
$TSLA $NFLX $SBUX $ARIA $GOOG $FEYE $SCTY all hung in really strong. Especially $TSLA and $NFLX and $SBUX,Bullish
$TSLA Is there any news?,Bullish
$SCTY $FSLR $TAN Solar got some mad Bullish attention from Obama at the state of the union.,Bullish
$VTG gonna start back in this.  just gotta see where entry gonna be and i hope its lower,Bullish
$MCP call volume is ripping at $7 level!  wow   This is why you CAD on a quality company despite the past performance,Bullish
$NBIX really impressive up 75%!   #unbelievable #momentum,Bullish
$TWTR Too many stubborn &amp; greedy Shorts hanging around. Bullish  cover or get run over IMHO,Bullish
$UNIS Wrongful Termination Lawsuit claim dismissed. CEO speaking 3 days to investors. Could release News of contracts. Adding to position.,Bullish
Insiders Transactions: heavy Selling. $LNKD $FB biggest sellers. $SPY http://stks.co/sstA http://stks.co/g0BQE,Bearish
$ZBB $RNN has my spidey senses tingling today!,Bullish
$BBRY Jesse Livermore... =Line of Least Resistance=  .. =The Trend is Your Friend==,Bullish
"$BBRY  Margin Calls!!!!!  Brokers to FORCE COVER shorts!!!!  Can&#39;t take the risk of Icahn, Ackman, Soros, MSFT, GOOG, AAPL making a move",Bullish
$BBRY 3rd executive hired from SAP; SAP has a Enterprise Asset Mgmt division; getting cozy and chummy with BBRY; we go higher my opinion,Bullish
$BBRY refused the Head n Shoulders breakdown; kissed the 10dma and bounced back; $BBRY showing some real masculinity in 2014 unlike 2013,Bullish
"$FREE Should have learned my lesson after the first time. Up 4x, then down...up 3x, and on the way back to square one. 3rd time is the charm",Bullish
$IHG Jefferies downgrades from &quot;hold&quot; to &quot;underperform&quot; http://stks.co/c06B5,Bullish
"$CECE, $GE, $HAL, $MTW, $PFE, $TRN, $VLO price target updates http://stks.co/g0AHG, http://stks.co/f0ACC, http://stks.co/f0ACD",Bullish
$RJF reports tomorrow AMC ... looking for at least a two point pop,Bullish
I just bought $IGT $AA $DNKN $DRYS $SPY,Bullish
$AXP bought http://stks.co/e04bn,Bullish
$MMM  http://stks.co/quIV,Bearish
$FB $TWTR $YELP Social media bubble has more space to blow,Bullish
$TSLA Gap resistance:  160.69.  Could get there by tomorrow if it closes with this type of candle,Bullish
$PAY well entrenched w/ facilitate mobile transactions &amp; safer credit card transactions. Company will maintain relevancy many years to come,Bullish
There goes the $AUDUSD through the .8950 cited this morning - I like a short position here with .9010 stop,Bearish
Peso hovering around that 13.00 mark - a break below could set up a move towards 12.80-12.85 $USDMXN $FXM,Bearish
Support to buy in 13.10-13.15.  Or breakout above 13.30 for $USDMXN $FXM http://stks.co/i0AQU,Bullish
Peso is back on monthly R1 level - which is now support - good opportunity to buy $USDMXN $FXM,Bullish
$USDJPY still near significant support in the 101 handle - eventually expecting a break #FX http://stks.co/tvb1,Bearish
$OPK Here&#39;s how it looks on the chart. http://stks.co/d09mH,Bullish
$EWJ $USDJPY Japan 2014: Liquidity Trap to Hit Abenomics http://stks.co/pobc,Bearish
"$BCS, $BLK, $SPY, US Equities Setting Up For A Correction  http://stks.co/tpY0",Bearish
$AUDUSD AUD/USD Continues Lower http://stks.co/rqgJ,Bearish
$OSIR Above 17 target to 25,Bullish
"$ES_F #SP500 to try to hold 13-day EMA, 1819.5 and pivot/ retrace props 1812.5/11.25 for bull bias http://stks.co/sp54",Bullish
$USDJPY #USDJPY latter Jan risk up towards 110.00/67! (monthly chart) http://stks.co/d04ix,Bullish
$BUND #Bund future stalls at flagged 139.93/96 res; bearish outside Wed pattern aims down to 139.23/22 &amp; 139.08; mid-Jan risk to 138.10,Bearish
"$USDCAD #USDCAD soars through 1.0805/54; Jan risk now to 1.0990/1000, maybe 1.1105/25, even 1.1240! http://stks.co/f09N5",Bullish
$ES_F #SP500 E-mini future through 1842.5 (as flagged) aims above 1845.5 peak for Fibo targets at 1854.0 &amp; 1862.0 int next week,Bullish
"$GC_F #Gold future bearish outside Tuesday, ahead of 1267 peak aims for 1233 and 1227/25 props http://stks.co/i0Bs9",Bearish
$FESX_F #EuroSTOXX mini-top; negative range bias for 3103 maybe towards 3080 http://stks.co/ruSR,Bearish
$HERO rounding top and looks to be breaking down  http://stks.co/d053T,Bearish
$DDD not fighting the trend here.  http://stks.co/b05aT,Bullish
Strong move in $twtr today &amp; so far it&#39;s still making very similar move to $goog from when it ipo&#39;d,Bullish
Several leading names from this weeks &quot;top 10 watch list&quot; breaking out/performing well: http://stks.co/j0E70 $fb $DATA $ULTI,Bullish
"$BLDP I doubt it will hit 2.70 today, but it will get back up into the low .40s I believe.",Bullish
Top 6 relative strength stocks setting up for pullback buy entry: $GST $NXST $NM $WWE $UTHR $AEL http://stks.co/d04Am,Bullish
"$MDBX (not) $MJNA&#39;s price is far out of range of it&#39;s RSI and Bollingers, today&#39;s correction was not enough, I&#39;d love to see a bounce off .3",Bearish
$VRNG - Sell order @ $30 for the hell of it. $GOOG http://stks.co/c08th,Bullish
$TWTR must be nice being an analyst and move a stock up or down by a simple upgrade or downgrade.,Bearish
hope $FB does make stupid comments about teens leaving tomorrow and tank the stock like they did last quarter,Bearish
"$TIF down almost 2%, they sold weekly 91 calls $zlc $sig",Bearish
"$SPY BOOOM new all time  high posted earlier , saw this in options flow and stayed to long positions for a while $aapl $dia $bac $XLF",Bullish
$AMZN $BIDU $PCLN $LNKD $TSLA NON STOP RUN TODAY $$,Bullish
$tsla boom frm fibonachi support,Bullish
$SPY $TWTR $FB exploding detected weekly calls buying in big blocks yesterday http://stks.co/i0E5N,Bullish
$C STRONG UPTREND. EXIT LONGS @ 51.75,Bullish
$SPX strong uptrend. s/l longs @ 1825.,Bullish
$RNN  marketwatch.com sentiment for today is BULLISH!,Bullish
$RNN http://stks.co/b08AN!,Bullish
$RNN http://stks.co/g0Dhq!,Bullish
Watching. $DRYS $FREE Could pick up some momentum into mid day,Bullish
$LEDS $NLST $$$,Bullish
$GALE the only problem your gonna have....is that you didn&#39;t buy more,Bullish
$FB added to 57 call,Bullish
$BITA Added some to my position at $35.33.  $31.75 cost average...,Bullish
$VTUS In to win....,Bullish
$ARTX Ready for Breakout  http://stks.co/e04Wq,Bullish
$NFLX Pre Market Upgrades &amp; Downgrades - Pre-Market Positions Blog Post $GOOG $LNKD $PLUG $SEED $EBAY http://stks.co/h07zn,Bullish
Stocks watched this week In the Juggernaut Trading Room $GS $WFC $MS $WFC JPM $BAC $INTC $LLTC $SCHW $C Blog Post   http://stks.co/b05kG,Bullish
$TSLA Full Wall Street Journal Blog Post - Very Bullish - 180 degree spin from $BAC analyst&#39;s earlier call http://stks.co/d08yX,Bullish
Mid Day Recap - S&amp;P Sharply Red After Opening Green http://stks.co/j0D4D $AAPL $FB $MSFT $TWTR $YHOO $MA $V $VXX $SPY $SDS,Bearish
$AAPL  will be Pinned in th $550 Zone Today http://stks.co/c09BY,Bullish
Typically don&#39;t publicly post my spec acc&#39;t trades but quite like $PEIX for entry here. Long. Shout out to @TheLearningTrader for heads up.,Bullish
$DAL Raising stop from 4 previous stops to 25.98,Bullish
"$TPLM market now, and the technicals are screaming puke, especially if that right shoulder forms in S&amp;P. set your stops, protect your $$$",Bearish
$MU why is this dropping?,Bullish
$YHOO everytime they come up with same thing,Bearish
$JCP Looking better this morning.,Bullish
$SPY Time to be jellin with yellin,Bullish
{video} Best Stock Picks $SNTA $IPCI $HGG $GNI $PXLW $VTMB $JBLU $GORO $NG $PHOT http://stks.co/g09GJ,Bullish
$COST- legged out of Jan 113/114 bull put spread. STC Jan 115c from .50 to 3.00.,Bullish
$AAPL this stock gets no respect,Bearish
$JRJC posted this chart last week http://stks.co/a03bm,Bullish
out $OXBT 7.05 for 12% muy caliente trade baby!,Bullish
$PLUG Holding up well considering all of the Shorts Negative news over two days,Bullish
$ATHX sold last 5k at 4.02 from 2.06 will look to reenter on any pullback sold 10k $RNN at .72 ~ still holding 40k,Bullish
"$RNN still holding 30k from Oct (43.5 avg), sold 20k ~ will be holding ~ looking Long Term.  Also long $MSTX $CBMX $PPHM $BAXS $IBIO $SNWV",Bullish
$RNN $CBMX $PPHM $MSTX $BAXS $UPIP $IBIO $SNWV ~ still holding ~ good I was out all yesterday ~ moving 1/3 $RNN $MSTX to core ret account,Bullish
@Smiledoc agree with all that has been posted ~ positive going forward ~ remember 30 days ago $MSTX was stuck in the mid 40s.,Bullish
$EURUSD (1.3636) Position reversed at 1.3684 on 14/01 to lock in a 38 point loss. Maintain long position and reverse if 1.3553 trades.,Bullish
$EURUSD (1.3546) Maintain short position from 1.3559 on 17/01. Reverse position if 1.3674 trades.,Bearish
$EURJPY (139.580) Maintain short position from 140.390 on 24/01. Reverse position if 141.430 trades.,Bearish
$NURO I am ammused how much worthless and stupid info people post here with their charts when they completely don&#39;t understand charting,Bearish
$PLUG 5 plus tomorrow morning,Bullish
$NQ Is Carson block seriously still pursuing to take down NQ? He&#39;s lost his credibility and now he&#39;s about to lose his dignity.,Bullish
$HIMX wow impressed with the action today being up!!!  especially given nothing new from $GOOG on glass! should rise now!!!,Bullish
At least I&#39;m green on the 85 calls :) $twtr,Bullish
$TWTR covered half just have all my puts now,Bearish
$BBRY and $twtr sorry ***,Bullish
$TWTR 59.50 calls in the money ðŸ˜,Bullish
$TWTR Bought 4 157.50 calls for next week at 4.1 :) the huge short interest will die.,Bullish
@troll_again @StocksThatTalks @Kala Youre going to get burned. Watch that 15 min chart. You&#39;ll die. $tsla,Bullish
$TSLA fuck yeah.,Bullish
@WSICTrader Of course I am. It&#39;s all part of shorts covering $tsla,Bullish
Cant sleep. Tomorrow will be incredible. $twtr calls. $tsla calls. And $bbry shares.,Bullish
@gram2013 No they won&#39;t. $twtr got upgraded to a buy. It&#39;s up higher then the close,Bullish
$TSLA Buy buy buy holy shit buy,Bullish
$TSLA if this holds were golden. rip and ride =] and some short covering day trades should occur. bear trap =],Bullish
$scty loaded on 74 and 75 calls =] and holding all the tesla calls $tsla,Bullish
$SCTY Amazing opportunity today to buy I hope everyone got in.Elon doesn&#39;t mess around. Holding nearly 60 calls for next week. As well $tsla,Bullish
$AAPL last minute buy that all. You won&#39;t be sorry. Adding to $tsla $twtr,Bullish
$TSLA I like toasted bear. Wakes me up in the morning.,Bullish
$TWTR $tsla $scty $nflx markets all turning around now.  Strong buys across the board. Tesla will prob close up 1.5% near hod,Bullish
"$TWTR only 10% of my followers actually know me, rest are all fakes, huge potential if 90% of followers r fake, we can have 18 bil users",Bullish
$TWTR again a scheme to make insiders rich at the expense of baggies,Bearish
"$JKS bottom around 31.3, 50% retracement of move from mid 20s to almost 38. Btw Jeffries was unloading while u were buying, they played you",Bearish
"$P I have stopped listening all together, if I do I use Spotify, much much much much better",Bearish
"$SPY Oh boy, deflation continues in Europe, population growth is negative and youth UE all time high, what more can you expect",Bearish
In $SFY at 12.93,Bullish
"$FDX Proved it&#39;s metal, nothing but a puffed up MOMO stock.",Bearish
$ARIA Good luck longs. Looking good here,Bullish
"@OptionsNoobi $Tsla I love my Model S, and I&#39;ll be getting a Model X with today&#39;s gains.",Bullish
"$NUS I told u everyone it had to happen, that not it, it&#39;s gonna be $100 definately!",Bullish
"Welp, doubling down on $CLDX the last two days was a good idea.",Bullish
$NFLX may go lower than my 330 335 prediction for EOD,Bearish
$SODA blood is in the streets. with SODA now.,Bullish
$TSLA Way too much over value... Buy good entry point is still under 140 even with China pump. Wait for 8-10% correction in market,Bullish
"$FB come on, strong efing close above 58.50 !!",Bullish
$PLUG isn&#39;t it a rule to not look at your stocks constantly? Lol,Bullish
$GOGO keep in mind that JC will have CEO AAL on 2nite,Bullish
$ARIA DO NOT fall for the trickery people! HOLD!!,Bullish
@saltwaternurse @wengang1 It was the 5 day moving average upon open as well. No more Jedi mindtricks with $ARIA please!,Bullish
$DGAZ Went long $UGAZ @ 19.98,Bullish
$SINA coiled spring in the works here!!!,Bullish
$DGAZ REVERSE SPLIT COMING!!!,Bearish
$FB COME GET ME 57.50 SHORT,Bearish
@RookieMomentum27 $SHLD getting taken to the cleaners now. Was down 15% in after-hours.,Bearish
$GPT http://stks.co/st7O from http://stks.co/qt6G,Bullish
$CA http://stks.co/steE from http://stks.co/qtcE,Bullish
$CMG saw a nice push higher into the close. Looking for confirmation tomorrow,Bullish
Sometimes its hard to think positive on a down day-Look for relative strength. $XLF $BAC $C $X $anr http://stks.co/c03Wn,Bullish
$ERB wow. just saw some green for a minute. If this is a red to green day I couldn&#39;t be more bulish,Bullish
$ERB holding gains. lookin good,Bullish
"Cowen underwrote offering, this gets interesting is that the securities were said to be placed with a single institutional investor.$PLUG",Bullish
$PLUG looking somewhat similar to last time company was gearing up for conference call,Bullish
$ROX Well heres the actual link to the article http://stks.co/b06lm,Bullish
$NOK one last time here&#39;s my recent article on Nokia&#39;s 4Q 2013 earnings. Go Long! http://stks.co/quNI,Bullish
$SPX having tough time breaking 1772-1774,Bullish
Looks like $MSFT shares up a buck AH on Nadella rumors w/Gates leaving the board... http://stks.co/rw8e,Bullish
$WPRT  oversold conditions + recent double bottom + upcoming earnings + long time no news =&gt; Buy,Bullish
"$RNN calm down guys, no reason for all panic talk. Answer this, which major company don&#39;t want to buy $RNN after 3 successful cancer drugs?",Bullish
$AAPL Ben Bernanke got to be the drug dealer and Janet Yellen will have to be the nurse at the methadone clinic #timingIsEverything,Bullish
$AMZN $DJT $SPY $SPX Love how the transports are leading for the day. Makes me feel more confident in AMZN for latter part of day.,Bullish
$BEAT Any one know why this thing is up today?,Bullish
$BBRY to all my fellow retail investors...don&#39;t let daytrader convince you shorting is easy $...it is a trap,Bullish
$RSOL Anyone who has rsol should do DD on $sltd ! It&#39;s going to be worth some money very soon,Bullish
3D Printing to Grow by 20% Annually http://stks.co/g06s2 $GGRGF $VJET $DDD $XONE $SSYS $AMAVF $ONVO $PRLB $ARCW $CIMT $CAMT,Bullish
Colorado Recreational Marijuana Sales Exceed $5 Million In First Week http://stks.co/g08bC THE DEMAND! $MDBX FITX EAPH ERBB GRNH HEMP PHOT,Bullish
"CNAT Conatus Pharmaceuticals Update San Francisco, CA January 13-16 http://stks.co/tqwr $CLVS $ICPT $GALT $IBB $REGN $BIB",Bullish
I love CANN lol shorts just can&#39;t hold it down lol lets go!  $MDBX,Bullish
Forex Forecast for AUD/USD $AUDUSD last week&#39;s move higher was not the start of a bullish move. http://stks.co/d04Un,Bearish
"$GOOG If this opens above 1200 at bell tomorrow, what kind of opening do we have tomorrow?",Bullish
$QTWW from -8% to -1%  never set your stops on a rounded value such as 7.00  Never,Bullish
"$ARIA breaking resist lines fast.  get in for the upswing.   $mnkd, $icpt, $arna, $isrg, $alti, $plug, $onvo, $psti, $sgmo.",Bullish
"$RNN analyst  PT of $3. current .84.  monday catalyst.  good entry. $mnkd, $icpt, $CHTP,  $aria, $ino, $galt, $amrn, $gale, $gild, $galt",Bullish
"$ARIA.  am playing $amrn, $rnn, $ktos, $gale. aria next to pop!  great damn day isn&#39;t it?",Bullish
$ARIA tbh can&#39;t wait for the conf release.  anyone have a link to the presentations?,Bullish
"$ARIA broke resistance, buy now $rnn $mstx $icpt $oxbt $AZN $ICPT $INO $ALNY $MSTX $OXBT $MACK $GALT $GALE $PLUG $BBRY $jpm $regn $celg",Bullish
"$SIGM check thread, 2 new contracts (now dated P/E), great investment.  50% upside.  $ARIA $VEEV $CRM $XONE $NQ $GS $INTC $PLUG $AMD $FB $MU",Bullish
$PRAN and read the research reports...  this is the first drug  that could treat early stage dementia... ever.,Bullish
"$VRNG it&#39;s broken on yahoo and bloomberg, cboe tv, and it&#39;s making it&#39;s way around.  it takes some time to digest this unique situation",Bullish
"$VRNG 900k dump, haha.  hilarious",Bullish
&quot;@TounyTrader $IPCI WAITING FOR NEWS AFTER CLOSING. Stacks of approvals on FDA&#39;S plate...Lets go everybody...MASSIVE BUYING!&quot;&quot;,Bullish
$IPCI holding and hoping for after hours pop or  mom tmrw,Bullish
$IMUC this one is bullish,Bullish
$TWTR Like I said yesterday here come the shorts!  This is a Bear,Bearish
$NUGT this week $NUGT gonna give $DUST same smack down $AAPL just received... $NUGT is really bullish now!!  Cha CHa CHA CHING!!!,Bullish
$ARIA I&#39;m back with $aria so is the move. Will move up higher from here.,Bullish
"@jevans2502 buffett bought $bac at $6 couple years ago, dunno why it seems popular to make fun of him for being old school. ya $20",Bullish
$YELP Up $14 since buy signal Price Point - to the moon Cheers to the longs :D http://stks.co/tppc,Bullish
$GOOG  Phase 2 Breakout @  $1162.58 Up Up and away She goes. Price Point nobody knows prob $1170  :D http://stks.co/g0C73,Bullish
$VIX Short It! Support &amp; Resistance Levels $SPY  http://stks.co/i0ELV,Bearish
"$TSLA Minyanville article, &quot;Tesla: Burning Down the Bears&#39; House&quot;
http://stks.co/j0Aj1",Bullish
"$TSLA Tesla Expands Supercharger Network in Europe
http://stks.co/g0Bvr",Bullish
"$TSLA Tesla&#39;s plan for China is set to take off
http://stks.co/h0CdC",Bullish
"$GM -StreetInsider article, &quot;Tesla (TSLA) Numbers Raised at JPMorgan Ahead of Q4, But Firm Remains on the Sidelines&quot;
http://stks.co/b09ZW",Bearish
"$TSLA Correction - Tesla Motors Inc (TSLA) executives were granted 385,000 in stock options week o 01/15/14
http://stks.co/pvPK",Bullish
"$TSLA - CNNMoney article, &quot;Tesla&#39;s 800-mile cross-country detour&quot;
http://stks.co/e0Akx",Bullish
"$TSLA Sentiment (91.0% Bullish - 9.0% Bearish) per StockTwitts 11:29am Pacific Time as of Jan 30, 2014",Bullish
$COP Looks like a jump of minor creek coming,Bullish
$VRNG judge cites argument that supports &gt; 1% royalty for $VHC from $AAPL in pending RR decision ripe for picking http://stks.co/d0AGc,Bullish
"$VRNG  .42 up in like what, 1 minute? haha",Bullish
"@Thorgood No, I would hold both considering the upside is limited on both the and risk is about equal so I&#39;d stay diversified. $AAPL $GOOG",Bullish
"@TradeTheHits $SPY shed weight, tapering will lead capital back to America as $USD strengthens. It&#39;s business as usual so the price is good.",Bullish
$USDTRY ramped up today after the rate hike dropped it yesterday. The $USD is going to spank all contenders. We&#39;re tapering. Accept it $TRY.,Bullish
@duke2duke @JanineK Myspace - never forget. $FB is just a fad. You people are in for short-term gains on scraps. They won&#39;t last.,Bearish
"@ThisGuyKnows you have to wait till it&#39;s gone too far, which $FB has. If you can afford to wait it out there&#39;s more $$$ on the short-side.",Bearish
@Hugopinto @haly @OptionsWizard I don&#39;t. $FB would have to compete with $GOOG. They are too late to conquer that market share.,Bearish
"@bakbo A lot can happen in 1 year, the price of gold is relatively high and low at the same time, either way it&#39;s proven vulnerable. $XAUUSD",Bearish
@harryzimm2013 @ReturnOfThePanic $460 short-term sounds like a liberal support. I think the floors in but the bounce will lag behind $DJIA.,Bullish
@iamjonnymac @jaydenfin I still remember how good it looked at $18 and $24. After it passed hit those support targets I was over $FB.,Bearish
"@GCerva $AAPL has a lot of surprises. Conservative progress pays off in the long term. Be patient for new product developments, more growth.",Bullish
"@Buyside Looks like it, will likely squeeze in some new highs if that&#39;s the case. $TSLA.",Bullish
"$F extremely tight, looks like shorts are at war. If the $DJIA performs next week $F is likely to outperform. Great entry price mod-term.",Bullish
$SCTY  JP Morgan wants your shares.,Bullish
"$GMCR interesting on the weekly time frame, 2 other names as well to keep an eye on: NVDA and PCLN. http://stks.co/qpXO",Bullish
$AKS potential rebound candidate after pulling back. http://stks.co/tu0z,Bullish
"$KRE is strong today.  Check out $RF, $ZION, $KEY, $HBAN.  Picked up some $ZION near the close.  Good luck all.",Bullish
Four Apple Stories From Monday You May Have Missed $APPL $CHL http://stks.co/f09sa,Bullish
"$IBIO Like this chart a lot.. a weekly close over the 30 WMA, and I think I&#39;d be long here.  ($0.42)",Bullish
Bulls running Tuesday $TAN $CSIQ $DTV $APO $DRE-L $HCA $JKS $MOH $PMT $THC http://stks.co/a04Xf,Bullish
Watching these Bulls for Friday $DLR $HMSY $LLY $MGA $NLNK $OSIS $SGEN $TK $XYL  http://stks.co/h0Avr,Bullish
Long running Bulls $CONN $DDD $ENDP $FLT $FNP $LNG $NFLX $STZ $TRIP $YHOO $YNDX http://stks.co/suL7,Bullish
Long Bulls $ACT $ALGN $ALKS $BIDU $DAL $ENDP $FB $FEYE $FLT $ISIS $JAZZ $LNG $MPEL $MU $NOW $NPSP  $https://www.federateddiscovery.com,Bullish
$SPY we are ok! (fumÃ¡ abajo del agua)  http://stks.co/rrVa,Bullish
"$TS Bounced at 50% fib, leaving the kumo is the buy zone @45.45 http://stks.co/a0Aon",Bullish
$CYTR Wow! Profit taking I think. Still. If you lost $$ on the last pop and bot on the dips I bet you&#39;re glad you did!! :),Bullish
$RNN HMM How much do I have in common with my RNN peeps. SB Pick?? GO SEAHAWKS!!! I was raised there.,Bullish
$DARA buy..buy..buy....,Bullish
$TWC Huge volume spike into the close today  no doubt about it comcast is coming in and sweeting the offer this is so obvious its stealing,Bullish
$AUDUSD - irregular flat - B wave completed - buying call options on 38.2% retracement - end of week http://stks.co/toZV,Bullish
$ARIA I&#39;m loaded up in $adhd about to explode ... Need more aria tho,Bullish
$aria $elon $idix $pacb $game $infn $gern $pgnx $znga http://stks.co/d0B1s,Bullish
$PANW another acquisition in the cyber security space,Bullish
$HXM close to hitting new highs. Could be an interesting play,Bullish
&quot;@greenport: $GLD $GDX Bullish until we test the breakdown area. http://stks.co/f0Ccr&quot;,Bullish
$GE Hope to see 1-2% recovery next week.  I think we saw &quot;sell the news&quot; last Friday with big institutions taking profits after big run up..,Bullish
$JCP overcrowded shorts are going to hate this news tomorrow.,Bullish
$GALE Not a complete introductory Interview by far. Ignored huge revenue from Abstral that&#39;s a success in Europe and just started in US.,Bullish
"$PLUG it will be interesting to see the charts from the TA people next week.  BTW, resistance between 2.10 and 2.24 being sliced through",Bullish
$GOGO took the staircase up and the elevator down.  Holding through earnings...,Bullish
$CAMT isn&#39;t done yet.  Gap up tomorrow...,Bullish
$AMD http://stks.co/quUG,Bullish
Hedge funds continue to build large positions in $NQ Mobile. This time...ding... ding... ding... its Kylin Management with a 6.2% stake,Bullish
Our members still SHORT $NFLX at $348..to learn more http://stks.co/e05Fc http://stks.co/h08gV,Bearish
Why and when did we SHORT $KORS? To learn how... http://stks.co/ss7D http://stks.co/j0AM3,Bearish
$spy $qqq $iwm $dia A Midday video view of our &quot;SWING MACHINE&quot;... http://stks.co/d09Ec,Bearish
"A MORNING VIDEO VIEW of THE MKTS, our SWING MACHINE http://stks.co/j0DhQ  $spy $dia $iwm $dia and more",Bearish
$UNXL This is a growth/spec play with huge short interest. Volatility should be expected and should be used to grab undervalued shares,Bullish
$UNXL Bump up that ask fellas,Bullish
Stock Market Trend Following $NFLX $BIIB $SFUN $SPY $BND $GRFS $GDXJ http://stks.co/i0CaW,Bearish
$NSPR ...for those who need help with research. http://stks.co/b09v2,Bullish
$PBY: love the fact that GAMCO (Mario Gabelli) has been loading up on this bad boy lately. Just looking for a pullback to add to my position,Bullish
$DDD The shakeout continues! http://stks.co/sqY7,Bullish
$P Just because a stock is making new all time highs is not a good reason to short it.,Bullish
$BBRY perfect REJECTION at top of channel. All part of the pump and dump plan :) http://stks.co/a09ay,Bearish
"$HAE, Best Healthcare Stock To Buy Now, +15.7% 1-Yr Outlook, $48.25 Target, $IJR $IWM $IWO $IJS $IJT http://stks.co/c092z",Bullish
$aapl Believe it or not-all my calls have been practically spot on for $aapl......now...the bounce back to $555....money talks..bullsit woks,Bullish
@SFCcapital IMHO $goog is gonna surpass $pcln soon and hit $1200 be 4 earnings-$pcln will follow fast-my prev target was 1150 b 4 erngs,Bullish
$aapl looking for a close above $565-575 tommorow/Monday,Bullish
"@SFREE $GOMO  Yes, bullish on this stock.  http://stks.co/h06zI  Set up is sweet.  :)",Bullish
Set ups I like today (charts posted yesterday and late night) $TWTR $BBRY $GDX $GOGO $TSLA Others I like: http://stks.co/i07qQ,Bullish
Seeing no reason to change plan. (posted yesterday) $DUST  http://stks.co/g08FO Bullish for $GDX $GLD $NUGT $GOLD $SLV $SLW $NEM $SA $GC_F,Bullish
Set ups that did well yesterday that we&#39;ll be watching today $ARIA $GOMO $NBG $TSLA $IPCI $UAL  Other set ups I like: http://stks.co/i08nv,Bullish
"$TSLA  Gap filled, may see this some reversal at this point.",Bullish
6 of 7 from our &quot;Heads Up&quot; list (posted prior for subs) closed GREEN  $BBRY $GDX $TWTR $GOMO $GOGO $AGNC $ARIA Others http://stks.co/b08Gh,Bullish
$GDX  See no reason to try to be anxious to call any tops on these moves. (recent chart posted) http://stks.co/j0CTs $GLD $NUGT $SLV $GC_F,Bullish
$FREE Holy shit,Bullish
$KNDI May just have to pay full price for this add. Bull Flag forming from Bull Pennant B/O,Bullish
"$KNDI As is, chart says Bullish Harami",Bullish
$RXII This is the day to load the boat on RXII with NASDAQ uplist due any day ($BA $VRNG) Rxi-109 43% reduction of CTGF ($4B market ptntl),Bullish
"$PLUG really BS how this is not trending, this is my stock for 2014, I&#39;m expecting 200% + gains, along with $DDD $SSYS $XONE $AAPL $GOOG $F",Bullish
@CurrencyIsMine for $plug I admire the Feb 5c. I think i just may use plug puts to protect my 200% gain on plug common stock,Bullish
$GALE $celf $jazz $alny can&#39;t keep up with all these bad boys $gild $cdlx.. what biotech/ pharma ETF&#39;s do people like? I&#39;m long $gild,Bullish
$TSLA bought 170 calls for next week exp. give me 172 by tuesday and I&#39;ll be happy $KNDI $F $GM,Bullish
$FB that was a 180% gain by the way this morning,Bullish
$USDJPY 10530.stop,Bullish
$EURUSD 13582. going.vertical-up,Bullish
$EURUSD 13603.neckline,Bearish
$ES_F 1823.stop+going.vertical-down,Bearish
$EURUSD 13550.target,Bearish
$ES_F 1828.stop,Bearish
$EURUSD 13601.stop,Bullish
$USDCAD 10750.stop,Bullish
$PEIX 770.target,Bullish
$AUDUSD 8940.target,Bullish
$GBPUSD going.vertical-up,Bullish
@jamalski $USDCAD is &quot;dancing&quot; too at the top,Bearish
$TSLA 15310.stop.toppy,Bearish
$XAUUSD $CL_F same.picture.bottomed-out.huge.Rally.expected,Bullish
$EURGBP 8270.target,Bullish
$GBPUSD &quot;here comes the real spike&quot;,Bullish
$XAUUSD 1226.stop,Bullish
&quot;bakbo Jan. 8 at 3:19 PM $TSLA 14905.stop +15400.target Bullish&quot;,Bullish
$XAUUSD 1236.stop,Bearish
@jamalski $USDCAD 10848.stop,Bearish
$EURUSD 13630.target,Bullish
$EURUSD 13646.stop,Bullish
$USDCHF 9021.stop,Bearish
$FDAX_F 9392.stop,Bullish
$XAUUSD 1247.stop,Bullish
$ES_F 1825.stop,Bearish
$EURUSD 13611.going.vertical-up,Bullish
$EURUSD bottomed-out.&quot;Life always offers you a second chance. Its called later&quot;,Bullish
$FDAX_F 9850.worst-case.target.4.tomorrow-morning,Bullish
$ES_F R/R=4/30,Bearish
@stateoftheeuro $FDAX_F 9742.target,Bearish
$FDAX_F same.levels.as.before,Bearish
$EURUSD 13650.best-case.target.&quot;Groundhog Day&quot;,Bullish
$ES_F 1837.stop,Bearish
$ES_F 1836.going.vertical-down,Bearish
@Powerslave &quot;bakbo Nov. 18 at 9:07 PM $ES_F &quot;every party comes to an end&quot; Bearish,Bearish
$EURUSD 13526.going.vertical-up,Bullish
$FDAX_F 9709.going.vertical-down,Bearish
@Powerslave my explicite call ... SELL $XAUUSD below 124650 .. NOW at 124550 ... PLEASE take a lookk at $YG_F or $ZG_F for referencing,Bearish
$EURUSD 13525.stop,Bullish
$XAUUSD 1242.stop,Bearish
$XAUUSD 1238.worst-case.target,Bullish
$FDAX_F 9768.stop,Bearish
$AUDUSD 8873.stop,Bullish
$FDAX_F 9706.stop.bottomed-out,Bullish
$EURUSD 13575.stop.toppy,Bearish
&quot;bakbo Jan. 22 at 9:27 AM $NQ_F 3618.stop Bearish&quot;,Bullish
$AUDUSD vertical!,Bullish
$NQ_F 3618.stop,Bullish
&quot;eFXnews Jan. 22 at 10:41 AM $EURUSD: &#39;In The Doldrums&#39; - Commerzbank http://stks.co/puDB&quot;,Bearish
$EURUSD 13635.stop+going.vertical-up,Bullish
"@fxkid $USDJPY 10410,  please explain why on earth do u c a bottom in $USDJPY just here?",Bearish
$USDJPY 10366.stop,Bullish
$USDCAD 11114.stop.higher-Low,Bullish
$EURUSD final.run.still.pending,Bullish
$EURUSD fast.trading.this.morning,Bearish
$XAUUSD,Bearish
$XAUUSD 1262.worst-case.target,Bearish
$EURUSD 13680.target,Bearish
$ES_F 1782.stop,Bearish
$XAUUSD 1256.stop,Bearish
$XAUUSD 1254.stop.bottomed-out,Bullish
&quot;bakbo Jan. 28 at 10:45 AM $ES_F 1786.stop.toppy+going.vertical-down Bearish&quot;,Bearish
$CL_F 9641.stop,Bearish
$EURUSD 13678.target,Bullish
$CL_F 9680.worst-case.target,Bearish
$FDAX_F 9502.going.vertical-up,Bullish
$EURUSD 13666.stop,Bullish
@triggeredsignal and I m trading my forecaste like this one : &quot;Jan. 16 at 11:20 PM $NQ_F 3450.target Bearish&quot;,Bullish
$EURUSD &quot;secondary moves like the active one are as a necessary phenomenon to combat excessive speculation&quot;,Bullish
$CL_F 9700.target,Bearish
$EURUSD 13564.stop,Bullish
$BUND $ZN_F 14318.stop.toppy,Bearish
$EURUSD 13540.stop,Bullish
$FDAX_F &quot;I m able to c the moment right before it happens&quot;,Bearish
$ES_F $FDAX_F &quot;take a look to the luxury stocks before talking about a crash&quot;,Bearish
$XAUUSD going.vertical-down,Bearish
$XAUUSD 1242.stop+going.vertical-up,Bullish
"$ES_F &quot;from an academical point of view : WE DONT HAVE ANY UPSIDE-RISK around 1786, it is strange, but yet it is true&quot;",Bearish
"@JJman_28 I hope to sell at $10 but today only, I will take $5  :-)",Bullish
@spmtpa You&#39;ll be in green tomorrow,Bullish
@Dasher @GM yea it does get a bit of coverage and the hedge funds love it!  But technically it&#39;s looks like a good buying opp for me long tr,Bullish
@427Ford no dreaming Monday we open above 7 and continue to climb. Presentation has lot to offer,Bullish
@Carl_Icahn / last year share holder meeting was tame. This year will be Much different. Be early to be heard. 6am. Plan it!,Bullish
"-V may not climb until the money is in the bank,but I do nt know why shorts aren&#39;t closing unless GOOG is doing the shprting",Bullish
"Good luck, just don&#39;t get your hand caught in the cookie jar!",Bearish
"@Orthokneepa annoying timing, but I could care less what Howard Weil says... I care more about big analysts like JPM that have a $94 target",Bullish
beauty- need patience  http://stks.co/prt3,Bullish
@dstrader yep see it ever time :) been following this since .16 I used to be worried but not anymore...EOY 15$ max 4-5 years around 100$,Bullish
@runner417 I confidently think it gains 4.5% today.,Bullish
@TomLomz Agreed. Too much too soon. I want a gradual base to be built. We are in dangerous territory according to the RSI.,Bullish
@gregb1984 Pacific Time,Bullish
@razarEndersShadow AEGY and LATF both.,Bullish
"&quot;Through the cooperation of our alliances, joint venture partners, and the local &amp; regional government authorities, the dream is a reality",Bullish
@RealFanboy101 no only 10bil in itune sales,Bearish
"@CoffeeChimp What? The price is at 3.26 as of now, at least on http://stks.co/h0DYE",Bullish
@Taowuang will see 65 on Friday or May be tom..stay long and strong,Bullish
@andruxa yes let&#39;s continue to press all the winning 2013 trades.,Bearish
@biggercapital Thank You good to know. Any info on Jungheinrich Co?,Bullish
@VIN333 Lol. Lets hope they learned a lesson from last ER.,Bullish
"@TheEngine3r Don&#39;t worry, more short interest -&gt; extremely high short queeze!",Bullish
@phoenixtrader Back it up with some facts ?,Bullish
@successisG really good call. Need to watch your option work a bit more and follow it! :),Bullish
@earningbux factor in a double in value since then so your 1.2B valuation is conservative IMO,Bullish
"@dbjr63 @harmongreg the deal with apple will be additional, thus IMHO we target 14 and 20 dollerz over mid term",Bullish
"@gabi1 
www.avafin.com 
goto trade flow tab an enter stock you wish to track....",Bullish
@Codysanborn those trends r undeniable and that&#39;s why i&#39;m so bullish on this stock. I was noticing sma on the 34/50/100 and they seem solid,Bullish
@kiksbutt 6 hours well wasted lol.,Bullish
"@Sliver  I agree, 60 likely, 62 possible by next Friday. Probably flat to minor pullback after heading into earnings.",Bullish
@eyeofhorus My parents live in Shanghai.  They tell me the Apple stores there are at least twice as crowded as American Apple stores.,Bullish
@arcticbreeze look at me now :),Bullish
$GTAT$MS Morgan Stanley has disclosed a 6.7M-share (5.3%) passive stake in GT Advanced 13G,Bullish
@charora I agree.i remember that last time that happend,Bullish
@Krazyeuro Nothing much is gonna happen now. Waiting for ER on Feb 19th.,Bullish
&quot;@Justanothertwit320: @AskLou which is very inevitable at this point.&quot; Yes and then the big boys step in with capital and lobbyists.,Bullish
@Epically_Fetch It&#39;s hard to see this company go bankrupt esp. W sales of V for marine,Bullish
@Monika68Â ur a genius! Haha ;) $10 next week,Bullish
"@MBDC i guess that&#39;s why i haggle a penny. $200 $2000 $20,000 it matters. GL!",Bullish
@solidstockmove Same moves here.  You must be awesome! :),Bullish
