AMRN, FSLR, AAPL, NFLX, WYNN, SPY, SPX, DIA, TWTR, GOOG, FB, AMZN, PAL, MRVL, GMCR, MU, SNDK, RFMD, TSM, PLUG, ARIA, ETRM, GALE, ACST, RNN, ONVO, THM, ICLD, ROSG, LUNA, FREE, REGN, LULU, DDD, HLF, NUS, PAY, EXPE, FRO, MA, TSLA, CACI, AAL, GM, KORS, GLD, ANGI, LNKD, STSI, QQQ, BTU, MGM, LVS, CAT, UNG, TWC, HAL, OIH, SLB, TUP, GGP, SLM, CLDX, SSN, TXT, IPCI, PPHM, STRI, CYTR, NQ, GLUU, FAS, CELG, FU, HEB, RAD, AVNR, ELTP, INO, DRWI, CLB, LIVE, ABTL, ARMH, UNXL, ANTH, FH, BGMD, TPH, LQDT, OSTK, AVO-CA, ATHM, SSYS, F, SLV, EXK, TSO, VLO, BKF, IBM, MSTX, CVM, BBY, DCTH, PRAN, S, AMD, IMRS, ISRG, OXBT, SINA, BBRY, ESNC, KNDI, TM, NEON, KO, BAC, AMBA, TMUS, PCLN, BIDU, ADHD, GLW, SIGM, SPEX, WYY, HIMX, MDBX, FEYE, MEA, SEED, MNKD, CLVS, RNA, KOOL, PFE, GSK, NSPR, RMTI, TGTX, BAXS, STML, CTIC, CSIQ, ABIO, DRYS, ALU, NPSP, AXP, AUDJPY, SCTY, Z, NIHD, CHL, STXS, SHLD, MM, ZNGA, MLNX, QCOR, JCP, KMP, BITA, GRPN, CAMT, DUST, NBG, NGB, CCIH, LF, CLF, GME, CL_F, SKX, AFFY, SWFT, PCYC, FRX, CA, CHTR, VHC, RVLT, TGT, UGAZ, CHTP, CBS, CYTK, DLB, VJET, BORN, ACHN, COOL, SVA, GSS, GPL, YHOO, TMO, DGAZ, NG_F, MDVN, FTNT, WPRT, ATRS, ARTX, CREE, JPM, LOCK, JKS, RBCN, GTAT, DATA, FBIO, ATHX, ISR, CTXS, EXEL, MCP, LEE, FMCC, IAU, BB-CA, BA, LLY, CSUN, ICPT, JASO, GOGO, ARNA, NAVB, BNSO, C, DAX, FXE, P, SALE, ARRS, HAR, AMAT, HON, ANV, PPL, RWR, PBR, OIBR, AVP, THLD, KERX, ADT, SNE, SBUX, SODA, VEEV, SPHS, TASR, CUR, CHK, MSFT, MS, CBMX, ZGNX, DJ_F, DJIA, NQ_F, TTWO, ATVI, FDAX_F, ES_F, VIX, WPCS, NMBL, JRJC, VISN, PANW, OTIV, YELP, DEPO, QCOM, CTRL, NES, ATRM, PVA, CRDS, INUV, LRAD, HPQ, REZ, FCEL, BLDP, RSH, BCRX, UBNT, AFOP, INVN, KMI, HHC, PEIX, GC_F, DXJ, YCS, SNTS, VIPS, SAVE, YNDX, SPLK, T, DISH, XON, WUBA, FENG, UBER, BRK-B, HY, TPRE, TROW, NOK, GILD, NVAX, RUT, ORMP, BTCUSD, JBLU, TTNP, SPG, AVB, FLDM, EIGI, HTHT, RES, EBAY, CXDC, ATTU, GD, AUDUSD, DZZ, FXA, FXB, DHI, KBH, NBIX, BLOX, VICL, GNK, REE, WLT, NWBO, GERN, SRPT, EGLE, ERB, TIF, TAN, QID, KWKA, AA, IAG, MUX, KEG, PXLW, SPWR, BEAT, IMMR, RGSE, MTG, STUDY, TOL, FNMA, HOV, DVAX, RCII, IRBT, GE, DNDN, PBPB, AOL, ALNY, CME, SWKS, DOW, UVXY, SLW, ACRX, EA, TNX, FMI, RIG, MY, REFR, REGI, WEN, ZHNE, YY, QIHU, HK, GFI, WFC, UTX, TRLA, BKX, PHM, SQNM, SLF, GNW, JVA, ANR, XONE, ABX, TLT, EM, EEM, FXI, TUR, FXY, PGRX, CYTX, NURO, KUTV, WFM, NTDOY, NKD_F, EURUSD, EURJPY, LOGI, COH, IWM, OPK, AXAS, PNRA, WTW, IBKR, MOS, GES, GDXJ, HLT, YGE, ETAK, GREK, SVU, CUDA, TYC, DANG, OPTT, FONR, DAL, ACAD, GOMO, NUGT, GDX, TNA, DNR, ACUR, LGF, OCLR, OPLK, QIWI, USDJPY, GBPNZD, PETX, BHP, FCX, MTDR, SN, FXEN, GWPH, PWE, SAND, OUTR, BJK, MUB, CX, DECK, JCI, TEO, POT, PNC, SWC, DCIX, NAT, MHR, TNP, TVIX, NUAN, VXX, EWZ, CADJPY, CVX, E, NZDJPY, USDCAD, JE, OVTI, WINT, BCOV, USU, CTRP, FRAN, APP, BVN, RPTP, YPF, STX, BALT, VRS, LMT, HA, FUEL, AKS, SGYP, PGNX, SIRI, ORMP,28JAN14:08:08:22,Bullish,02JAN14:10:12:58,Bullish,31JAN14:14:33:08,Bullish,
ICLD,14JAN14:09:34:11,Bullish,08JAN14:11:13:16,Bullish,
AFOP,16JAN14:15:32:01,Bullish,25JAN14:14:16:46,Bullish,
GBPNZD,09JAN14:11:02:37,Bullish,
STX,08JAN14:11:20:10,Bullish,
SPX,18JAN14:14:19:48,Bearish,21JAN14:13:44:26,Bullish,25JAN14:09:42:32,Bearish,
SPY,09JAN14:17:01:47,Bearish,31JAN14:12:17:33,Bullish,27JAN14:12:47:17,Bearish,15JAN14:07:30:17,Bearish,16JAN14:14:12:39,Bullish,07JAN14:12:42:55,Bearish,13JAN14:22:44:08,Bearish,31JAN14:08:17:01,Bearish,10JAN14:11:30:55,Bearish,15JAN14:07:26:08,Bearish,27JAN14:11:45:17,Bearish,06JAN14:15:44:48,Bearish,24JAN14:19:06:40,Bullish,22JAN14:07:17:56,Bullish,13JAN14:16:22:45,Bearish,14JAN14:10:10:19,Bullish,22JAN14:11:15:22,Bullish,28JAN14:06:04:06,Bearish,02JAN14:16:05:51,Bullish,09JAN14:11:48:55,Bullish,31JAN14:08:17:33,Bearish,20JAN14:16:14:39,Bearish,29JAN14:15:30:17,Bullish,07JAN14:07:20:25,Bearish,07JAN14:11:47:25,Bearish,29JAN14:15:43:53,Bullish,23JAN14:09:32:57,Bearish,15JAN14:17:30:32,Bullish,
SSYS,14JAN14:16:26:48,Bullish,14JAN14:11:26:08,Bearish,17JAN14:14:21:46,Bearish,07JAN14:11:20:16,Bullish,03JAN14:10:28:22,Bullish,22JAN14:07:49:55,Bullish,14JAN14:11:52:47,Bearish,
RPTP,22JAN14:12:08:59,Bullish,
TAN,02JAN14:15:09:29,Bullish,
SPG,01JAN14:14:59:49,Bearish,
CSIQ,02JAN14:14:06:36,Bullish,02JAN14:15:49:59,Bullish,14JAN14:12:17:04,Bullish,28JAN14:11:12:28,Bullish,17JAN14:09:07:52,Bullish,
WLT,22JAN14:14:27:06,Bullish,16JAN14:13:26:26,Bullish,
MNKD,10JAN14:16:07:39,Bullish,09JAN14:13:25:29,Bullish,15JAN14:22:29:39,Bullish,
P,15JAN14:18:58:19,Bearish,29JAN14:07:06:39,Bearish,07JAN14:09:50:11,Bullish,02JAN14:20:36:53,Bearish,
GE,14JAN14:14:02:42,Bullish,
GD,31JAN14:17:28:25,Bullish,
DUST,21JAN14:14:18:58,Bearish,02JAN14:19:56:36,Bullish,
AMZN,31JAN14:16:09:31,Bearish,17JAN14:12:16:53,Bullish,30JAN14:16:43:49,Bearish,21JAN14:18:22:54,Bullish,30JAN14:12:42:56,Bullish,16JAN14:08:09:01,Bearish,31JAN14:08:31:49,Bearish,31JAN14:15:01:50,Bearish,30JAN14:16:07:29,Bearish,30JAN14:16:05:29,Bearish,30JAN14:17:28:08,Bullish,31JAN14:12:42:27,Bearish,31JAN14:14:58:30,Bearish,30JAN14:16:36:09,Bearish,01JAN14:20:44:45,Bullish,15JAN14:12:53:04,Bullish,31JAN14:15:21:19,Bullish,
BRK-B,16JAN14:10:26:36,Bullish,
ES_F,02JAN14:10:05:35,Bearish,23JAN14:09:03:07,Bearish,26JAN14:21:20:06,Bearish,31JAN14:03:36:33,Bullish,
AXAS,14JAN14:19:18:32,Bullish,
QQQ,15JAN14:11:35:37,Bearish,22JAN14:16:38:19,Bullish,29JAN14:10:23:06,Bullish,08JAN14:11:32:36,Bullish,22JAN14:15:06:05,Bullish,13JAN14:12:56:22,Bullish,06JAN14:09:55:49,Bearish,16JAN14:10:53:51,Bullish,
TSO,05JAN14:22:18:17,Bullish,08JAN14:17:39:49,Bullish,07JAN14:09:52:26,Bullish,
TSM,16JAN14:02:09:29,Bullish,
LMT,16JAN14:02:30:36,Bullish,
CME,14JAN14:09:14:26,Bearish,
GWPH,08JAN14:17:34:00,Bullish,
DRYS,27JAN14:21:45:58,Bullish,07JAN14:22:34:40,Bullish,28JAN14:16:11:25,Bullish,15JAN14:16:49:43,Bullish,01JAN14:21:58:50,Bullish,
LNKD,02JAN14:15:07:11,Bearish,02JAN14:14:50:46,Bearish,02JAN14:14:35:59,Bearish,03JAN14:10:56:50,Bearish,22JAN14:09:56:04,Bearish,12JAN14:12:18:09,Bearish,03JAN14:09:46:15,Bearish,07JAN14:19:14:22,Bullish,21JAN14:18:58:44,Bullish,
KBH,30JAN14:09:34:27,Bullish,31JAN14:10:19:30,Bullish,01JAN14:13:37:16,Bullish,13JAN14:09:48:24,Bullish,
VLO,09JAN14:09:56:45,Bullish,
THLD,07JAN14:09:39:37,Bullish,
DVAX,06JAN14:08:29:47,Bullish,
PCLN,15JAN14:17:50:25,Bullish,22JAN14:15:26:50,Bullish,13JAN14:14:55:52,Bearish,
PGRX,09JAN14:12:48:37,Bullish,
FSLR,04JAN14:22:49:23,Bullish,01JAN14:13:28:39,Bullish,28JAN14:16:41:22,Bullish,02JAN14:11:25:16,Bullish,06JAN14:13:11:52,Bullish,
CADJPY,06JAN14:16:58:59,Bullish,
TPRE,22JAN14:10:08:39,Bullish,21JAN14:17:38:05,Bullish,
MSTX,14JAN14:16:32:37,Bullish,16JAN14:10:15:59,Bullish,13JAN14:15:35:12,Bullish,15JAN14:10:18:40,Bullish,11JAN14:12:43:06,Bullish,17JAN14:11:35:53,Bullish,09JAN14:07:43:23,Bullish,23JAN14:01:04:17,Bearish,24JAN14:07:21:49,Bullish,
BCRX,09JAN14:10:37:47,Bearish,
FXY,31JAN14:08:27:05,Bullish,
COOL,10JAN14:12:29:47,Bullish,07JAN14:10:14:22,Bullish,
WPCS,03JAN14:08:23:05,Bullish,02JAN14:08:44:45,Bullish,07JAN14:14:53:52,Bullish,02JAN14:08:06:11,Bullish,02JAN14:08:32:10,Bullish,
MA,30JAN14:11:45:55,Bullish,09JAN14:09:03:01,Bullish,31JAN14:13:01:11,Bullish,17JAN14:19:19:28,Bullish,
HIMX,28JAN14:09:12:10,Bullish,22JAN14:11:37:31,Bullish,30JAN14:21:00:48,Bullish,09JAN14:21:46:09,Bullish,22JAN14:11:34:49,Bullish,09JAN14:04:23:23,Bullish,
NOK,23JAN14:15:36:29,Bullish,21JAN14:14:39:46,Bullish,
MM,28JAN14:12:19:19,Bullish,27JAN14:11:46:12,Bullish,27JAN14:11:21:10,Bullish,15JAN14:11:21:36,Bullish,28JAN14:12:45:22,Bullish,27JAN14:15:00:09,Bullish,
HLT,02JAN14:05:17:44,Bullish,06JAN14:10:23:54,Bullish,
BLOX,11JAN14:09:17:07,Bullish,07JAN14:20:55:19,Bullish,
MU,28JAN14:07:36:43,Bullish,06JAN14:11:18:16,Bullish,08JAN14:09:38:39,Bullish,04JAN14:22:04:27,Bullish,07JAN14:16:32:29,Bullish,07JAN14:15:56:42,Bearish,10JAN14:15:27:11,Bullish,10JAN14:10:47:43,Bullish,23JAN14:00:02:20,Bullish,
CBS,01JAN14:20:50:18,Bullish,
RWR,21JAN14:10:12:50,Bullish,
INO,24JAN14:08:30:52,Bullish,10JAN14:14:47:03,Bullish,03JAN14:17:55:56,Bullish,06JAN14:08:19:05,Bullish,07JAN14:10:31:06,Bearish,13JAN14:17:43:37,Bullish,06JAN14:04:24:50,Bullish,30JAN14:11:55:51,Bullish,24JAN14:09:22:10,Bullish,01JAN14:21:58:50,Bullish,17JAN14:14:04:12,Bullish,07JAN14:14:43:34,Bullish,16JAN14:21:15:39,Bullish,23JAN14:07:45:10,Bullish,20JAN14:14:15:26,Bullish,21JAN14:17:53:09,Bearish,11JAN14:05:27:53,Bullish,04JAN14:08:09:25,Bullish,12JAN14:19:08:19,Bullish,06JAN14:08:30:12,Bullish,15JAN14:10:21:22,Bullish,24JAN14:10:14:52,Bullish,26JAN14:13:20:55,Bullish,23JAN14:07:49:56,Bullish,03JAN14:16:59:50,Bullish,
UVXY,10JAN14:10:27:00,Bullish,10JAN14:16:28:17,Bullish,16JAN14:14:12:39,Bullish,31JAN14:08:18:15,Bullish,02JAN14:10:17:15,Bullish,
MS,23JAN14:13:08:27,Bullish,
HLF,16JAN14:11:07:03,Bearish,24JAN14:12:35:54,Bearish,15JAN14:21:04:28,Bearish,17JAN14:11:37:39,Bearish,23JAN14:14:06:54,Bearish,17JAN14:12:25:15,Bullish,17JAN14:11:04:50,Bearish,17JAN14:11:09:23,Bearish,17JAN14:11:22:16,Bearish,28JAN14:10:20:05,Bearish,17JAN14:11:50:53,Bearish,24JAN14:17:55:44,Bearish,
MY,02JAN14:22:39:22,Bullish,
DEPO,15JAN14:11:47:02,Bullish,14JAN14:13:40:06,Bullish,10JAN14:10:51:29,Bullish,17JAN14:11:00:23,Bullish,16JAN14:09:20:33,Bullish,15JAN14:11:11:45,Bullish,31JAN14:14:03:24,Bullish,
NUAN,08JAN14:11:32:36,Bullish,27JAN14:12:07:05,Bullish,21JAN14:22:31:26,Bullish,
REZ,28JAN14:13:23:20,Bullish,
FU,23JAN14:15:30:36,Bullish,
AKS,27JAN14:18:57:53,Bearish,
RES,18JAN14:20:30:14,Bullish,
GLD,01JAN14:21:52:44,Bullish,24JAN14:07:09:50,Bullish,08JAN14:14:50:47,Bullish,17JAN14:14:42:37,Bullish,21JAN14:07:34:43,Bullish,31JAN14:08:34:53,Bullish,
ABTL,21JAN14:20:37:35,Bullish,
FB,07JAN14:08:17:30,Bullish,09JAN14:13:38:48,Bullish,21JAN14:17:12:08,Bullish,29JAN14:17:31:41,Bullish,21JAN14:18:44:48,Bullish,06JAN14:12:16:02,Bullish,07JAN14:08:49:32,Bullish,23JAN14:09:34:02,Bullish,09JAN14:10:00:23,Bullish,09JAN14:14:05:33,Bullish,30JAN14:07:43:04,Bullish,06JAN14:13:19:15,Bullish,09JAN14:13:48:38,Bullish,09JAN14:12:58:35,Bullish,21JAN14:18:48:02,Bullish,07JAN14:14:35:49,Bullish,13JAN14:14:28:29,Bullish,09JAN14:22:07:24,Bullish,03JAN14:07:06:49,Bullish,30JAN14:09:06:10,Bullish,29JAN14:22:07:23,Bullish,30JAN14:09:28:59,Bullish,29JAN14:16:36:48,Bullish,07JAN14:11:27:49,Bullish,07JAN14:13:04:33,Bullish,30JAN14:09:09:05,Bullish,30JAN14:11:45:55,Bullish,14JAN14:11:09:31,Bearish,09JAN14:13:45:01,Bullish,22JAN14:12:54:41,Bullish,29JAN14:16:49:12,Bullish,25JAN14:18:47:24,Bullish,29JAN14:16:17:36,Bullish,16JAN14:10:38:29,Bullish,10JAN14:10:47:43,Bullish,07JAN14:15:04:36,Bullish,15JAN14:17:20:01,Bearish,29JAN14:17:02:51,Bullish,29JAN14:19:43:57,Bullish,21JAN14:15:39:49,Bullish,14JAN14:12:10:02,Bearish,06JAN14:10:48:49,Bullish,29JAN14:18:02:19,Bearish,14JAN14:15:39:39,Bullish,07JAN14:11:56:22,Bullish,29JAN14:16:25:42,Bullish,09JAN14:14:16:36,Bullish,30JAN14:09:04:56,Bullish,29JAN14:22:35:38,Bullish,24JAN14:03:18:58,Bearish,30JAN14:09:02:46,Bearish,30JAN14:13:17:59,Bullish,
AUDJPY,22JAN14:12:23:38,Bullish,27JAN14:09:24:50,Bearish,
FH,31JAN14:10:10:30,Bullish,31JAN14:11:08:39,Bullish,22JAN14:12:28:35,Bullish,30JAN14:10:22:57,Bullish,23JAN14:08:07:27,Bullish,06JAN14:08:15:36,Bullish,04JAN14:00:42:57,Bullish,31JAN14:12:10:18,Bullish,29JAN14:08:36:36,Bullish,31JAN14:12:23:34,Bullish,29JAN14:12:48:38,Bullish,31JAN14:13:57:15,Bullish,02JAN14:08:54:57,Bullish,29JAN14:18:24:48,Bullish,28JAN14:19:41:19,Bullish,29JAN14:08:02:17,Bullish,28JAN14:17:48:02,Bullish,29JAN14:19:17:51,Bullish,22JAN14:13:00:13,Bullish,29JAN14:09:36:24,Bullish,29JAN14:12:46:26,Bullish,31JAN14:13:55:50,Bullish,29JAN14:09:00:29,Bullish,28JAN14:19:10:35,Bullish,02JAN14:16:35:54,Bullish,31JAN14:14:02:53,Bullish,22JAN14:12:43:00,Bullish,30JAN14:15:41:36,Bullish,29JAN14:12:40:26,Bullish,29JAN14:15:43:36,Bullish,28JAN14:17:49:47,Bullish,30JAN14:12:39:46,Bullish,28JAN14:18:17:34,Bullish,28JAN14:16:28:19,Bullish,28JAN14:18:14:29,Bullish,24JAN14:15:56:54,Bullish,29JAN14:09:47:23,Bullish,29JAN14:09:20:50,Bullish,29JAN14:12:48:11,Bullish,27JAN14:10:29:09,Bullish,29JAN14:12:57:03,Bullish,26JAN14:11:35:15,Bullish,28JAN14:09:57:05,Bullish,22JAN14:16:22:55,Bullish,23JAN14:12:40:28,Bullish,30JAN14:14:23:46,Bullish,29JAN14:12:41:51,Bullish,27JAN14:08:18:05,Bullish,31JAN14:10:28:08,Bullish,28JAN14:18:20:07,Bullish,31JAN14:09:35:10,Bullish,29JAN14:00:57:24,Bullish,31JAN14:13:56:34,Bullish,29JAN14:08:25:47,Bullish,22JAN14:15:14:26,Bullish,28JAN14:06:13:30,Bullish,29JAN14:09:24:35,Bullish,23JAN14:09:45:38,Bullish,23JAN14:13:19:31,Bullish,22JAN14:13:24:15,Bullish,23JAN14:19:05:41,Bullish,22JAN14:12:32:28,Bullish,28JAN14:20:42:01,Bullish,26JAN14:15:40:01,Bullish,27JAN14:15:55:47,Bullish,29JAN14:09:26:27,Bullish,16JAN14:06:47:51,Bullish,31JAN14:15:06:05,Bullish,29JAN14:15:53:56,Bullish,22JAN14:12:31:44,Bullish,14JAN14:08:17:25,Bullish,28JAN14:13:12:46,Bullish,29JAN14:01:35:12,Bullish,22JAN14:13:16:49,Bullish,24JAN14:05:08:29,Bullish,24JAN14:05:51:36,Bullish,24JAN14:15:27:25,Bullish,29JAN14:08:19:21,Bullish,29JAN14:10:47:33,Bullish,29JAN14:13:17:09,Bullish,29JAN14:08:59:25,Bullish,29JAN14:01:58:52,Bullish,28JAN14:17:36:25,Bullish,28JAN14:21:48:21,Bullish,06JAN14:08:23:48,Bullish,30JAN14:12:08:21,Bullish,22JAN14:12:38:40,Bullish,23JAN14:10:44:54,Bullish,27JAN14:10:39:50,Bullish,22JAN14:17:36:25,Bullish,29JAN14:08:37:02,Bearish,22JAN14:17:30:47,Bullish,29JAN14:13:09:43,Bullish,
DOW,21JAN14:08:41:33,Bullish,
MSFT,23JAN14:10:01:36,Bullish,31JAN14:08:00:18,Bullish,07JAN14:10:48:17,Bullish,31JAN14:01:57:08,Bullish,
GLW,24JAN14:11:30:45,Bullish,04JAN14:18:45:13,Bullish,
GGP,17JAN14:11:30:27,Bearish,
FCX,22JAN14:10:32:47,Bullish,02JAN14:23:36:04,Bullish,
ARTX,23JAN14:22:58:44,Bullish,
DECK,13JAN14:09:25:08,Bullish,
MDVN,29JAN14:08:03:06,Bullish,29JAN14:08:13:18,Bullish,11JAN14:16:09:48,Bullish,
TASR,21JAN14:11:12:52,Bullish,
DGAZ,07JAN14:14:08:20,Bullish,16JAN14:12:35:03,Bullish,27JAN14:10:44:28,Bullish,27JAN14:12:37:13,Bullish,22JAN14:14:42:10,Bearish,09JAN14:13:08:27,Bullish,09JAN14:14:18:30,Bullish,27JAN14:11:29:56,Bullish,29JAN14:14:28:11,Bearish,
LQDT,13JAN14:15:47:40,Bullish,
F,16JAN14:14:04:35,Bullish,03JAN14:08:41:00,Bullish,31JAN14:14:01:45,Bullish,30JAN14:15:56:58,Bullish,07JAN14:14:36:31,Bullish,
REFR,18JAN14:09:27:29,Bullish,02JAN14:13:59:08,Bullish,24JAN14:00:05:31,Bullish,
DIA,31JAN14:08:17:33,Bearish,28JAN14:00:48:24,Bearish,
KNDI,13JAN14:10:36:00,Bullish,15JAN14:10:24:21,Bullish,13JAN14:11:03:36,Bullish,21JAN14:10:37:00,Bearish,27JAN14:11:16:24,Bearish,21JAN14:18:56:29,Bullish,03JAN14:13:56:41,Bullish,08JAN14:10:37:52,Bullish,08JAN14:09:33:01,Bullish,19JAN14:01:51:01,Bullish,02JAN14:10:56:57,Bullish,13JAN14:15:54:00,Bullish,14JAN14:10:42:42,Bullish,10JAN14:23:35:30,Bullish,06JAN14:14:12:26,Bullish,12JAN14:12:56:22,Bullish,17JAN14:13:46:28,Bearish,02JAN14:18:41:31,Bullish,19JAN14:14:15:46,Bullish,30JAN14:19:04:46,Bullish,13JAN14:10:58:33,Bullish,21JAN14:11:13:42,Bearish,07JAN14:16:04:33,Bullish,01JAN14:17:44:14,Bullish,15JAN14:09:44:01,Bullish,17JAN14:14:34:53,Bullish,19JAN14:01:54:48,Bullish,17JAN14:13:49:04,Bearish,22JAN14:10:51:30,Bullish,23JAN14:09:42:45,Bullish,22JAN14:06:35:51,Bullish,06JAN14:15:34:12,Bearish,03JAN14:10:15:42,Bearish,28JAN14:11:09:20,Bullish,07JAN14:10:45:27,Bearish,28JAN14:10:35:15,Bullish,06JAN14:14:13:35,Bullish,03JAN14:12:17:43,Bullish,25JAN14:19:07:21,Bullish,02JAN14:15:18:53,Bullish,22JAN14:13:41:29,Bullish,09JAN14:02:52:49,Bullish,15JAN14:09:52:08,Bullish,15JAN14:15:26:40,Bullish,15JAN14:15:42:05,Bullish,06JAN14:11:05:52,Bullish,08JAN14:09:37:26,Bearish,02JAN14:11:14:17,Bullish,24JAN14:09:09:37,Bullish,07JAN14:16:19:36,Bullish,08JAN14:09:50:30,Bullish,21JAN14:10:04:06,Bearish,19JAN14:02:09:07,Bullish,27JAN14:15:26:37,Bullish,21JAN14:10:04:20,Bearish,17JAN14:13:02:51,Bullish,22JAN14:10:49:31,Bullish,22JAN14:10:35:38,Bullish,15JAN14:15:38:14,Bullish,02JAN14:09:54:39,Bullish,24JAN14:14:51:53,Bullish,22JAN14:19:10:45,Bullish,06JAN14:12:41:55,Bullish,29JAN14:10:47:23,Bullish,15JAN14:15:32:55,Bullish,06JAN14:09:56:47,Bullish,21JAN14:12:24:27,Bullish,03JAN14:09:44:08,Bearish,27JAN14:09:15:35,Bullish,30JAN14:16:12:00,Bullish,30JAN14:16:08:53,Bullish,28JAN14:21:19:15,Bullish,
FMI,13JAN14:16:35:20,Bullish,
INUV,24JAN14:13:15:23,Bullish,
CVM,14JAN14:09:37:23,Bullish,
SN,08JAN14:08:14:38,Bullish,
ALU,28JAN14:13:21:09,Bullish,14JAN14:04:18:27,Bullish,22JAN14:10:06:27,Bullish,
BAC,09JAN14:11:45:49,Bullish,05JAN14:11:50:31,Bullish,07JAN14:10:20:34,Bearish,15JAN14:09:11:48,Bullish,16JAN14:08:46:31,Bullish,02JAN14:11:26:03,Bullish,02JAN14:11:44:35,Bullish,02JAN14:09:53:23,Bullish,03JAN14:09:20:21,Bullish,15JAN14:11:48:16,Bullish,
IBM,21JAN14:16:04:25,Bullish,22JAN14:00:25:31,Bearish,
OXBT,22JAN14:14:34:28,Bullish,21JAN14:14:56:10,Bullish,22JAN14:14:21:12,Bullish,
NZDJPY,20JAN14:18:35:16,Bullish,
TRLA,31JAN14:10:19:30,Bullish,22JAN14:11:53:36,Bullish,
CAT,07JAN14:12:28:15,Bearish,03JAN14:00:12:50,Bullish,
YY,03JAN14:10:22:50,Bullish,02JAN14:10:58:56,Bullish,
WUBA,09JAN14:15:14:27,Bullish,
PBPB,16JAN14:09:35:39,Bullish,
GC_F,02JAN14:00:58:26,Bullish,03JAN14:13:10:36,Bullish,
ERB,02JAN14:16:52:06,Bullish,
RFMD,30JAN14:10:30:30,Bullish,31JAN14:10:13:09,Bullish,10JAN14:09:08:41,Bullish,13JAN14:17:04:53,Bullish,29JAN14:09:46:32,Bullish,
IRBT,14JAN14:13:23:19,Bullish,13JAN14:08:46:15,Bullish,09JAN14:16:17:19,Bullish,21JAN14:08:50:51,Bullish,10JAN14:11:42:03,Bullish,
DATA,24JAN14:14:09:46,Bullish,
LF,16JAN14:11:54:18,Bullish,02JAN14:14:08:38,Bullish,22JAN14:15:39:13,Bearish,03JAN14:23:48:23,Bullish,02JAN14:12:53:52,Bullish,02JAN14:12:50:23,Bullish,
BAXS,24JAN14:00:55:09,Bullish,28JAN14:16:11:13,Bullish,17JAN14:22:39:38,Bullish,17JAN14:09:24:10,Bullish,16JAN14:21:12:23,Bullish,17JAN14:14:43:36,Bullish,
CUDA,19JAN14:13:16:01,Bullish,
CELG,06JAN14:11:28:08,Bullish,
FDAX_F,23JAN14:10:09:01,Bearish,
PCYC,07JAN14:22:05:04,Bullish,07JAN14:10:08:55,Bullish,08JAN14:10:02:59,Bullish,07JAN14:11:11:21,Bullish,10JAN14:15:53:40,Bullish,
STUDY,06JAN14:18:50:58,Bullish,
NEON,15JAN14:13:38:33,Bullish,16JAN14:15:59:40,Bullish,17JAN14:15:14:43,Bearish,31JAN14:10:05:43,Bullish,10JAN14:13:57:46,Bullish,28JAN14:10:20:09,Bullish,06JAN14:12:08:10,Bullish,16JAN14:20:32:35,Bullish,09JAN14:11:32:29,Bullish,
FXI,28JAN14:10:47:17,Bullish,29JAN14:05:55:09,Bearish,29JAN14:06:04:50,Bearish,
ANTH,16JAN14:23:20:26,Bullish,
XON,14JAN14:15:15:55,Bullish,08JAN14:19:27:41,Bullish,
FXA,16JAN14:09:30:02,Bearish,
FXB,17JAN14:11:36:10,Bullish,
RSH,17JAN14:23:39:15,Bullish,27JAN14:11:30:45,Bullish,
IMRS,08JAN14:15:54:44,Bullish,08JAN14:14:07:14,Bullish,08JAN14:14:12:20,Bullish,
CLDX,13JAN14:16:13:20,Bullish,
FAS,29JAN14:10:21:21,Bullish,
BHP,02JAN14:23:36:04,Bullish,
PNC,16JAN14:10:22:28,Bullish,
DNDN,13JAN14:09:38:15,Bullish,16JAN14:16:35:58,Bullish,13JAN14:09:20:02,Bullish,
RCII,29JAN14:10:30:34,Bullish,
XONE,16JAN14:16:11:12,Bullish,
ACAD,10JAN14:19:05:57,Bullish,31JAN14:16:36:09,Bullish,
AVO-CA,24JAN14:00:44:32,Bullish,
CLVS,10JAN14:17:50:39,Bullish,10JAN14:17:48:17,Bullish,10JAN14:17:28:38,Bullish,10JAN14:17:54:42,Bullish,14JAN14:08:05:06,Bullish,
GM,21JAN14:21:07:36,Bullish,26JAN14:18:45:45,Bullish,
PLUG,02JAN14:14:14:55,Bullish,10JAN14:11:17:31,Bullish,15JAN14:11:25:51,Bullish,06JAN14:21:22:57,Bullish,13JAN14:09:33:18,Bullish,09JAN14:21:45:16,Bullish,03JAN14:12:10:29,Bullish,16JAN14:13:30:01,Bullish,11JAN14:14:20:17,Bullish,24JAN14:14:33:57,Bearish,16JAN14:06:42:44,Bullish,06JAN14:18:56:12,Bullish,28JAN14:16:10:34,Bullish,13JAN14:11:44:57,Bullish,15JAN14:15:58:25,Bullish,29JAN14:10:38:55,Bullish,16JAN14:12:18:16,Bullish,30JAN14:16:00:32,Bullish,16JAN14:10:12:28,Bullish,29JAN14:13:17:55,Bullish,15JAN14:13:14:49,Bullish,12JAN14:13:30:55,Bullish,08JAN14:09:47:14,Bullish,23JAN14:22:05:16,Bullish,06JAN14:23:06:25,Bullish,14JAN14:10:45:59,Bullish,16JAN14:07:30:58,Bullish,17JAN14:09:45:51,Bullish,07JAN14:15:18:24,Bullish,16JAN14:08:27:32,Bullish,23JAN14:15:30:43,Bullish,27JAN14:16:33:34,Bearish,06JAN14:16:18:24,Bullish,09JAN14:10:34:07,Bullish,24JAN14:14:19:35,Bullish,10JAN14:08:42:22,Bullish,03JAN14:15:30:30,Bullish,29JAN14:10:12:11,Bullish,15JAN14:16:01:58,Bullish,29JAN14:08:35:15,Bullish,09JAN14:19:42:14,Bullish,10JAN14:10:16:15,Bullish,22JAN14:15:40:22,Bullish,08JAN14:10:42:00,Bullish,16JAN14:09:09:32,Bullish,15JAN14:14:42:42,Bullish,08JAN14:09:40:58,Bullish,10JAN14:22:36:54,Bullish,17JAN14:08:08:26,Bullish,16JAN14:23:20:05,Bullish,02JAN14:08:16:43,Bullish,29JAN14:17:30:57,Bullish,02JAN14:13:13:02,Bullish,17JAN14:08:42:26,Bullish,16JAN14:10:30:32,Bullish,09JAN14:08:00:11,Bullish,08JAN14:20:35:55,Bullish,09JAN14:14:04:48,Bullish,29JAN14:05:03:07,Bullish,10JAN14:15:20:32,Bullish,10JAN14:15:25:51,Bullish,09JAN14:10:06:19,Bullish,16JAN14:10:20:26,Bullish,10JAN14:09:38:17,Bullish,07JAN14:11:12:30,Bullish,17JAN14:10:07:57,Bullish,09JAN14:01:08:18,Bullish,15JAN14:15:50:22,Bullish,16JAN14:10:23:42,Bullish,07JAN14:12:11:26,Bullish,08JAN14:13:22:11,Bullish,06JAN14:15:05:50,Bullish,14JAN14:16:29:51,Bullish,12JAN14:13:42:05,Bullish,28JAN14:09:47:27,Bullish,14JAN14:15:49:21,Bullish,02JAN14:13:59:08,Bullish,12JAN14:10:48:02,Bullish,07JAN14:10:41:51,Bullish,15JAN14:10:05:30,Bullish,10JAN14:14:17:07,Bullish,07JAN14:07:29:29,Bullish,02JAN14:09:15:11,Bullish,16JAN14:20:19:23,Bullish,07JAN14:09:17:32,Bullish,13JAN14:09:35:27,Bullish,15JAN14:09:01:11,Bullish,02JAN14:11:21:44,Bullish,03JAN14:15:37:11,Bullish,03JAN14:13:35:25,Bullish,30JAN14:19:42:51,Bullish,29JAN14:13:32:59,Bullish,12JAN14:00:38:04,Bullish,10JAN14:09:02:54,Bullish,08JAN14:15:55:57,Bullish,08JAN14:11:10:34,Bullish,15JAN14:09:37:15,Bullish,02JAN14:10:22:38,Bullish,16JAN14:10:40:16,Bullish,
RAD,17JAN14:09:48:53,Bullish,09JAN14:11:21:15,Bullish,23JAN14:16:22:09,Bullish,
BTCUSD,02JAN14:15:06:58,Bullish,06JAN14:15:12:10,Bullish,
WTW,03JAN14:10:07:04,Bullish,
AOL,17JAN14:00:42:46,Bullish,
GERN,21JAN14:14:27:47,Bullish,
STSI,05JAN14:18:52:54,Bearish,13JAN14:13:33:27,Bearish,16JAN14:09:14:25,Bearish,27JAN14:09:32:15,Bearish,
GOMO,07JAN14:15:32:15,Bullish,
ESNC,03JAN14:11:34:59,Bullish,
CHK,30JAN14:14:09:04,Bearish,
CHL,20JAN14:23:05:24,Bullish,21JAN14:16:51:05,Bullish,
TPH,14JAN14:15:00:20,Bullish,10JAN14:09:45:03,Bullish,
SNE,21JAN14:20:28:45,Bullish,
WYY,28JAN14:15:00:51,Bullish,30JAN14:10:48:16,Bullish,09JAN14:22:24:40,Bullish,23JAN14:22:58:44,Bullish,
AMRN,19JAN14:13:13:17,Bullish,20JAN14:17:17:22,Bullish,15JAN14:13:47:25,Bearish,23JAN14:09:42:29,Bullish,14JAN14:14:00:25,Bullish,07JAN14:16:33:02,Bullish,15JAN14:14:14:54,Bearish,28JAN14:17:50:14,Bullish,15JAN14:02:13:56,Bullish,24JAN14:14:03:07,Bullish,21JAN14:16:34:04,Bearish,28JAN14:14:55:19,Bullish,15JAN14:13:24:50,Bullish,30JAN14:19:36:04,Bullish,15JAN14:16:15:31,Bearish,15JAN14:12:26:20,Bullish,15JAN14:13:46:46,Bearish,24JAN14:01:58:06,Bullish,21JAN14:16:07:51,Bullish,21JAN14:11:15:14,Bearish,15JAN14:11:11:00,Bullish,14JAN14:15:12:14,Bullish,21JAN14:16:20:00,Bearish,16JAN14:09:58:47,Bullish,15JAN14:13:32:51,Bullish,17JAN14:14:16:18,Bullish,14JAN14:19:53:48,Bullish,17JAN14:09:42:04,Bullish,16JAN14:06:27:16,Bullish,23JAN14:11:14:31,Bearish,
PHM,31JAN14:10:19:30,Bullish,
APP,29JAN14:19:17:33,Bullish,
ROSG,16JAN14:09:43:44,Bullish,14JAN14:14:53:10,Bullish,
TYC,03JAN14:08:10:38,Bullish,
VIX,27JAN14:02:14:07,Bearish,
SAVE,03JAN14:14:55:01,Bullish,08JAN14:13:24:51,Bullish,
MTDR,08JAN14:08:14:38,Bullish,21JAN14:19:15:20,Bullish,
NGB,16JAN14:11:31:20,Bullish,
WFM,03JAN14:09:09:01,Bullish,
WFC,05JAN14:12:46:09,Bullish,15JAN14:14:14:19,Bullish,06JAN14:19:26:36,Bullish,
CHTP,21JAN14:12:30:54,Bullish,21JAN14:12:48:16,Bullish,18JAN14:13:57:48,Bullish,18JAN14:14:34:43,Bullish,24JAN14:09:55:39,Bullish,21JAN14:12:36:15,Bullish,17JAN14:09:42:04,Bullish,10JAN14:09:31:07,Bearish,17JAN14:08:10:51,Bullish,23JAN14:16:07:40,Bullish,14JAN14:22:52:30,Bullish,
CHTR,27JAN14:16:49:15,Bullish,
VIPS,02JAN14:23:28:26,Bullish,
KORS,22JAN14:09:05:11,Bullish,08JAN14:14:27:06,Bullish,
QIWI,15JAN14:10:44:11,Bullish,
PPHM,06JAN14:07:36:18,Bullish,31JAN14:16:08:17,Bullish,10JAN14:14:43:28,Bullish,
ALNY,13JAN14:10:14:47,Bullish,
ONVO,02JAN14:11:20:31,Bullish,24JAN14:10:37:35,Bullish,15JAN14:15:53:31,Bullish,29JAN14:08:35:22,Bearish,06JAN14:14:57:44,Bullish,23JAN14:10:54:35,Bullish,23JAN14:10:58:34,Bullish,22JAN14:08:45:33,Bullish,15JAN14:13:28:21,Bullish,10JAN14:13:32:41,Bullish,
OTIV,08JAN14:10:55:31,Bullish,14JAN14:15:51:09,Bullish,15JAN14:10:27:59,Bullish,16JAN14:15:12:04,Bullish,
EM,27JAN14:11:24:08,Bearish,27JAN14:11:19:33,Bearish,
DLB,27JAN14:23:51:32,Bullish,
VJET,02JAN14:13:32:01,Bullish,03JAN14:09:03:45,Bullish,03JAN14:12:36:25,Bullish,14JAN14:16:23:57,Bullish,
EA,29JAN14:11:25:05,Bullish,
ATTU,22JAN14:17:55:03,Bullish,
LUNA,22JAN14:10:00:23,Bullish,30JAN14:12:23:47,Bullish,
JCI,13JAN14:10:39:27,Bullish,
BTU,09JAN14:09:36:39,Bearish,06JAN14:12:04:15,Bearish,
ACRX,03JAN14:08:02:46,Bullish,
OUTR,07JAN14:10:51:07,Bullish,
NPSP,02JAN14:12:42:01,Bullish,
YELP,10JAN14:15:19:26,Bullish,06JAN14:12:11:41,Bullish,09JAN14:08:24:02,Bullish,13JAN14:12:30:21,Bearish,
UNXL,10JAN14:13:19:11,Bullish,07JAN14:13:05:51,Bullish,23JAN14:11:32:39,Bullish,07JAN14:15:51:24,Bullish,13JAN14:10:53:56,Bullish,22JAN14:18:11:40,Bullish,07JAN14:13:52:21,Bullish,07JAN14:13:29:40,Bullish,07JAN14:12:47:03,Bearish,
MGM,29JAN14:19:15:03,Bullish,17JAN14:12:07:25,Bullish,06JAN14:15:20:19,Bearish,10JAN14:11:29:17,Bearish,
SSN,24JAN14:18:21:21,Bullish,
YPF,27JAN14:14:32:44,Bullish,
CREE,14JAN14:08:22:29,Bullish,13JAN14:11:08:25,Bearish,
NURO,31JAN14:14:02:16,Bullish,
ISR,22JAN14:15:05:16,Bullish,
STXS,07JAN14:08:38:20,Bullish,20JAN14:21:50:04,Bullish,07JAN14:11:11:04,Bullish,07JAN14:08:18:17,Bullish,30JAN14:13:07:21,Bullish,22JAN14:11:41:38,Bullish,29JAN14:01:24:00,Bullish,
MUX,28JAN14:11:54:30,Bullish,23JAN14:15:13:33,Bullish,21JAN14:11:43:32,Bullish,17JAN14:10:48:43,Bullish,
SPHS,13JAN14:12:50:22,Bullish,
FXE,14JAN14:06:06:49,Bullish,21JAN14:09:54:44,Bearish,28JAN14:10:31:28,Bearish,
NWBO,21JAN14:12:30:54,Bullish,
MUB,08JAN14:15:37:47,Bullish,
LRAD,28JAN14:09:14:00,Bullish,
SNDK,08JAN14:12:42:46,Bullish,
NUS,17JAN14:11:02:30,Bearish,06JAN14:15:38:02,Bearish,17JAN14:12:47:39,Bearish,16JAN14:13:30:07,Bearish,17JAN14:12:25:15,Bullish,22JAN14:09:07:22,Bearish,06JAN14:09:55:49,Bearish,16JAN14:13:37:20,Bearish,
BITA,08JAN14:09:41:01,Bullish,08JAN14:18:05:47,Bullish,
JKS,24JAN14:11:21:41,Bullish,
PVA,21JAN14:13:51:26,Bullish,
TVIX,23JAN14:09:45:37,Bullish,23JAN14:20:00:26,Bullish,22JAN14:14:20:39,Bearish,06JAN14:12:26:17,Bullish,15JAN14:19:12:46,Bullish,
EXPE,21JAN14:09:55:38,Bearish,
AVNR,13JAN14:13:36:53,Bullish,
TLT,24JAN14:07:50:11,Bullish,
CLF,22JAN14:14:33:03,Bullish,30JAN14:17:49:51,Bullish,28JAN14:03:52:44,Bullish,28JAN14:09:56:05,Bullish,22JAN14:06:20:10,Bullish,29JAN14:11:12:45,Bullish,14JAN14:08:01:03,Bullish,09JAN14:14:15:00,Bullish,30JAN14:14:59:45,Bullish,27JAN14:09:38:26,Bullish,09JAN14:14:58:37,Bullish,
FRO,24JAN14:10:07:53,Bullish,
CLB,21JAN14:10:09:28,Bullish,
MRVL,07JAN14:11:08:25,Bullish,24JAN14:10:00:16,Bullish,
BBY,16JAN14:07:46:10,Bullish,17JAN14:16:10:06,Bullish,23JAN14:16:00:29,Bullish,
UNG,09JAN14:10:42:00,Bearish,09JAN14:12:55:50,Bearish,08JAN14:14:00:21,Bearish,08JAN14:12:53:08,Bearish,
FRX,22JAN14:13:53:57,Bearish,22JAN14:13:26:43,Bearish,09JAN14:08:54:26,Bullish,
TUP,17JAN14:10:40:19,Bearish,
BKX,24JAN14:12:24:06,Bearish,
TUR,30JAN14:02:53:23,Bearish,
KO,14JAN14:18:04:49,Bullish,
ARNA,13JAN14:07:47:27,Bullish,11JAN14:09:00:45,Bullish,10JAN14:22:46:39,Bullish,10JAN14:14:06:35,Bullish,13JAN14:10:01:07,Bullish,16JAN14:12:30:17,Bullish,18JAN14:05:05:39,Bullish,11JAN14:09:12:42,Bullish,13JAN14:12:29:29,Bullish,12JAN14:00:08:57,Bullish,24JAN14:08:53:22,Bullish,17JAN14:11:00:41,Bullish,16JAN14:12:23:13,Bullish,
DANG,14JAN14:09:58:45,Bullish,02JAN14:09:34:08,Bullish,03JAN14:11:03:45,Bullish,
EGLE,28JAN14:18:48:47,Bullish,
ETAK,14JAN14:07:40:19,Bullish,22JAN14:10:08:30,Bullish,06JAN14:08:23:09,Bullish,22JAN14:10:10:32,Bullish,
UBER,15JAN14:23:44:37,Bearish,
WYNN,14JAN14:09:34:54,Bullish,24JAN14:14:38:50,Bearish,
TTWO,23JAN14:10:01:36,Bullish,30JAN14:13:17:59,Bullish,21JAN14:09:21:47,Bullish,
AAL,21JAN14:09:04:01,Bullish,09JAN14:09:43:51,Bullish,15JAN14:10:32:06,Bullish,29JAN14:14:16:17,Bullish,28JAN14:10:56:36,Bullish,27JAN14:12:14:03,Bullish,29JAN14:10:44:54,Bullish,
SWC,16JAN14:15:50:56,Bullish,
NBIX,06JAN14:16:31:21,Bullish,
IWM,26JAN14:20:48:41,Bullish,
ABIO,24JAN14:12:11:14,Bullish,
STML,15JAN14:21:42:38,Bullish,20JAN14:20:47:27,Bullish,
USDCAD,23JAN14:05:19:56,Bearish,
SINA,08JAN14:10:15:20,Bullish,09JAN14:11:52:56,Bullish,
CYTK,13JAN14:21:17:26,Bearish,
TGT,16JAN14:16:07:32,Bearish,11JAN14:00:52:40,Bearish,10JAN14:17:53:23,Bullish,10JAN14:17:06:27,Bearish,11JAN14:00:51:45,Bearish,
POT,15JAN14:13:52:37,Bullish,
CAMT,14JAN14:14:43:55,Bullish,23JAN14:16:44:09,Bullish,17JAN14:10:36:46,Bullish,17JAN14:01:53:15,Bullish,
CYTX,24JAN14:14:28:05,Bullish,
SAND,03JAN14:11:34:34,Bullish,
ATVI,23JAN14:10:01:36,Bullish,
PEIX,17JAN14:10:52:46,Bearish,
CYTR,30JAN14:12:49:39,Bullish,23JAN14:06:56:23,Bullish,
NKD_F,21JAN14:23:49:19,Bearish,
OSTK,30JAN14:10:39:47,Bullish,
DHI,31JAN14:10:59:34,Bullish,29JAN14:09:41:35,Bullish,
BEAT,22JAN14:11:34:49,Bullish,
SLV,21JAN14:19:06:45,Bullish,02JAN14:15:46:16,Bullish,30JAN14:12:45:58,Bullish,26JAN14:12:08:06,Bullish,17JAN14:15:35:45,Bullish,15JAN14:17:30:32,Bullish,
SLW,15JAN14:17:30:32,Bullish,
SLM,23JAN14:10:39:50,Bearish,
SPWR,02JAN14:15:23:21,Bullish,07JAN14:10:59:41,Bullish,
SLF,07JAN14:12:34:52,Bullish,
SLB,16JAN14:15:58:45,Bullish,15JAN14:15:01:46,Bullish,08JAN14:10:43:29,Bullish,
ZGNX,08JAN14:12:43:02,Bullish,
BB-CA,20JAN14:09:55:00,Bullish,
BGMD,03JAN14:09:58:06,Bullish,05JAN14:13:32:28,Bullish,19JAN14:11:59:40,Bullish,29JAN14:13:04:28,Bullish,03JAN14:10:02:58,Bullish,29JAN14:13:07:17,Bullish,03JAN14:10:12:25,Bullish,03JAN14:10:34:51,Bullish,03JAN14:10:14:53,Bullish,
IPCI,09JAN14:09:47:23,Bullish,29JAN14:17:55:48,Bullish,09JAN14:13:43:19,Bullish,17JAN14:09:08:21,Bullish,09JAN14:13:18:16,Bullish,30JAN14:09:33:50,Bullish,
LGF,21JAN14:05:50:17,Bullish,22JAN14:12:02:21,Bullish,
BCOV,16JAN14:11:55:51,Bullish,27JAN14:14:14:44,Bullish,30JAN14:16:26:49,Bullish,10JAN14:12:13:50,Bullish,
VICL,11JAN14:09:11:34,Bullish,
GFI,17JAN14:10:45:08,Bullish,
TTNP,21JAN14:10:12:56,Bullish,
FUEL,21JAN14:01:20:14,Bearish,
UBNT,24JAN14:15:44:15,Bullish,
OPLK,30JAN14:07:57:27,Bullish,
MCP,31JAN14:08:24:22,Bullish,15JAN14:21:42:38,Bullish,15JAN14:10:08:42,Bullish,
AXP,23JAN14:12:22:57,Bullish,17JAN14:09:54:13,Bullish,16JAN14:20:19:23,Bullish,
NFLX,08JAN14:10:50:22,Bearish,08JAN14:16:19:27,Bearish,07JAN14:12:28:15,Bearish,02JAN14:13:50:58,Bullish,03JAN14:07:22:09,Bearish,22JAN14:16:05:30,Bullish,15JAN14:10:17:59,Bearish,09JAN14:07:25:58,Bearish,22JAN14:16:12:10,Bullish,27JAN14:13:23:44,Bullish,08JAN14:07:44:14,Bearish,22JAN14:16:26:34,Bullish,22JAN14:16:36:50,Bullish,08JAN14:13:19:39,Bearish,22JAN14:15:37:58,Bullish,15JAN14:11:32:12,Bullish,22JAN14:16:05:08,Bullish,16JAN14:09:33:12,Bearish,09JAN14:11:56:11,Bearish,08JAN14:09:50:39,Bearish,07JAN14:12:54:37,Bearish,09JAN14:10:34:54,Bearish,22JAN14:16:56:47,Bullish,23JAN14:10:46:43,Bullish,09JAN14:10:31:18,Bearish,23JAN14:11:19:54,Bullish,08JAN14:13:09:02,Bullish,28JAN14:15:06:01,Bullish,08JAN14:15:28:07,Bearish,
PAY,21JAN14:09:42:13,Bullish,28JAN14:09:54:34,Bullish,
AAPL,14JAN14:13:24:19,Bullish,31JAN14:12:17:10,Bullish,14JAN14:11:38:24,Bullish,09JAN14:09:46:55,Bearish,15JAN14:07:38:58,Bullish,27JAN14:10:34:54,Bullish,28JAN14:01:38:32,Bullish,26JAN14:19:52:01,Bullish,27JAN14:16:19:37,Bullish,06JAN14:12:28:40,Bearish,28JAN14:05:13:21,Bullish,14JAN14:12:26:03,Bearish,07JAN14:23:15:22,Bullish,17JAN14:09:37:42,Bearish,08JAN14:10:48:16,Bullish,24JAN14:15:55:15,Bearish,14JAN14:11:31:56,Bullish,04JAN14:07:14:50,Bullish,23JAN14:16:12:29,Bearish,23JAN14:09:50:44,Bearish,05JAN14:19:36:23,Bullish,08JAN14:06:59:40,Bearish,28JAN14:09:58:57,Bearish,29JAN14:17:17:27,Bearish,29JAN14:07:58:41,Bullish,08JAN14:05:38:47,Bearish,31JAN14:11:52:59,Bearish,14JAN14:13:17:08,Bullish,08JAN14:03:59:44,Bullish,14JAN14:13:25:55,Bullish,06JAN14:09:50:59,Bullish,06JAN14:10:20:37,Bearish,30JAN14:09:58:32,Bearish,31JAN14:14:36:11,Bullish,27JAN14:17:40:31,Bearish,10JAN14:10:25:02,Bullish,09JAN14:10:23:30,Bullish,16JAN14:17:57:18,Bearish,27JAN14:14:46:18,Bullish,14JAN14:13:06:52,Bullish,21JAN14:16:51:05,Bullish,28JAN14:11:50:28,Bullish,03JAN14:15:47:38,Bearish,22JAN14:09:09:42,Bullish,28JAN14:11:50:22,Bullish,07JAN14:02:10:11,Bullish,31JAN14:12:14:08,Bullish,27JAN14:12:40:56,Bullish,06JAN14:09:32:30,Bearish,10JAN14:11:39:25,Bullish,09JAN14:14:05:09,Bearish,14JAN14:14:30:37,Bullish,10JAN14:10:00:32,Bearish,24JAN14:09:38:40,Bullish,09JAN14:14:49:04,Bearish,14JAN14:13:47:04,Bullish,10JAN14:19:56:30,Bullish,03JAN14:17:16:26,Bearish,17JAN14:13:35:28,Bearish,28JAN14:22:17:01,Bullish,17JAN14:10:07:24,Bullish,07JAN14:21:48:44,Bearish,02JAN14:14:52:36,Bearish,09JAN14:10:16:14,Bearish,03JAN14:22:59:51,Bullish,03JAN14:11:30:04,Bullish,27JAN14:19:34:23,Bullish,15JAN14:12:02:16,Bearish,12JAN14:05:04:47,Bearish,02JAN14:11:35:13,Bullish,27JAN14:16:56:19,Bullish,30JAN14:10:13:14,Bearish,09JAN14:22:21:50,Bullish,22JAN14:11:55:24,Bullish,28JAN14:06:59:20,Bullish,16JAN14:17:28:50,Bullish,02JAN14:10:47:59,Bullish,02JAN14:10:03:04,Bullish,29JAN14:21:59:56,Bearish,29JAN14:11:07:26,Bullish,27JAN14:21:11:13,Bullish,14JAN14:13:07:53,Bullish,07JAN14:15:56:42,Bearish,16JAN14:22:51:42,Bearish,07JAN14:09:42:58,Bearish,16JAN14:09:55:36,Bullish,31JAN14:14:32:51,Bullish,02JAN14:10:24:42,Bullish,03JAN14:09:55:45,Bullish,14JAN14:12:55:15,Bullish,23JAN14:10:31:33,Bearish,31JAN14:11:59:45,Bullish,16JAN14:15:49:11,Bullish,11JAN14:17:49:00,Bullish,31JAN14:12:16:54,Bullish,28JAN14:03:17:36,Bearish,06JAN14:15:57:24,Bearish,27JAN14:16:20:07,Bullish,29JAN14:09:29:01,Bullish,06JAN14:18:49:10,Bullish,06JAN14:08:59:42,Bullish,14JAN14:13:16:35,Bullish,05JAN14:16:26:12,Bullish,14JAN14:12:41:47,Bullish,23JAN14:05:32:35,Bullish,02JAN14:08:58:17,Bearish,31JAN14:14:08:03,Bearish,28JAN14:15:57:06,Bearish,28JAN14:20:14:09,Bullish,28JAN14:13:46:50,Bearish,28JAN14:13:01:22,Bullish,09JAN14:14:52:11,Bearish,06JAN14:12:03:20,Bullish,24JAN14:11:36:40,Bullish,02JAN14:13:40:21,Bearish,27JAN14:10:14:38,Bullish,09JAN14:10:07:10,Bearish,07JAN14:15:50:34,Bearish,14JAN14:10:29:50,Bullish,17JAN14:13:59:32,Bearish,27JAN14:17:41:15,Bearish,31JAN14:10:39:25,Bearish,21JAN14:14:45:16,Bullish,24JAN14:22:05:12,Bullish,10JAN14:10:14:40,Bearish,08JAN14:18:07:55,Bullish,29JAN14:10:20:37,Bearish,31JAN14:09:48:50,Bearish,27JAN14:16:54:20,Bullish,17JAN14:14:03:41,Bearish,31JAN14:10:47:42,Bearish,30JAN14:15:25:53,Bullish,06JAN14:10:51:29,Bullish,16JAN14:11:23:30,Bullish,10JAN14:00:51:02,Bullish,16JAN14:20:19:23,Bullish,17JAN14:14:19:40,Bearish,31JAN14:14:34:28,Bullish,03JAN14:23:32:26,Bullish,28JAN14:14:04:10,Bullish,27JAN14:16:58:49,Bearish,27JAN14:16:01:34,Bearish,29JAN14:14:47:06,Bearish,02JAN14:09:54:41,Bearish,11JAN14:14:38:29,Bullish,17JAN14:07:31:40,Bearish,03JAN14:09:37:59,Bearish,29JAN14:15:25:14,Bullish,29JAN14:15:38:30,Bearish,28JAN14:09:56:37,Bullish,10JAN14:09:44:11,Bearish,03JAN14:15:55:42,Bullish,
EXK,17JAN14:15:35:17,Bullish,
JE,08JAN14:11:24:46,Bullish,
DZZ,06JAN14:23:09:56,Bullish,
PAL,07JAN14:09:58:22,Bullish,
MDBX,03JAN14:13:22:21,Bullish,13JAN14:22:29:53,Bullish,29JAN14:22:31:47,Bullish,08JAN14:10:02:44,Bullish,31JAN14:11:46:22,Bullish,08JAN14:10:13:55,Bullish,
OVTI,09JAN14:14:22:20,Bearish,
ACUR,22JAN14:11:25:31,Bullish,
SPLK,07JAN14:23:45:42,Bullish,
ARIA,24JAN14:14:50:12,Bullish,17JAN14:08:50:07,Bullish,14JAN14:19:05:56,Bullish,09JAN14:12:31:51,Bullish,24JAN14:09:52:43,Bullish,24JAN14:09:43:22,Bullish,22JAN14:19:13:25,Bullish,12JAN14:23:28:36,Bullish,02JAN14:12:32:17,Bullish,17JAN14:08:18:19,Bullish,22JAN14:18:47:29,Bullish,09JAN14:15:27:46,Bullish,16JAN14:13:00:51,Bullish,23JAN14:16:01:17,Bullish,28JAN14:16:15:35,Bullish,04JAN14:10:49:54,Bullish,27JAN14:10:17:16,Bullish,23JAN14:12:58:44,Bullish,24JAN14:10:50:50,Bullish,14JAN14:18:45:28,Bullish,24JAN14:10:48:46,Bullish,07JAN14:00:31:40,Bullish,23JAN14:10:45:55,Bullish,09JAN14:12:17:56,Bullish,24JAN14:01:58:06,Bullish,15JAN14:08:32:36,Bullish,03JAN14:14:42:23,Bullish,16JAN14:15:00:28,Bullish,23JAN14:13:22:29,Bullish,28JAN14:17:24:33,Bullish,23JAN14:13:16:32,Bullish,03JAN14:08:37:46,Bullish,24JAN14:10:01:53,Bullish,27JAN14:09:01:50,Bullish,02JAN14:10:26:21,Bullish,08JAN14:11:32:40,Bullish,02JAN14:11:18:56,Bullish,24JAN14:11:41:24,Bullish,17JAN14:09:51:54,Bullish,02JAN14:15:10:39,Bullish,06JAN14:12:29:33,Bullish,24JAN14:09:40:13,Bullish,13JAN14:08:51:21,Bullish,17JAN14:10:53:43,Bullish,16JAN14:13:51:04,Bullish,24JAN14:12:47:16,Bullish,24JAN14:09:39:46,Bullish,09JAN14:13:38:09,Bullish,08JAN14:16:04:10,Bullish,24JAN14:13:57:04,Bearish,14JAN14:21:19:33,Bullish,03JAN14:13:28:22,Bullish,24JAN14:09:40:07,Bullish,29JAN14:12:00:34,Bullish,13JAN14:09:55:59,Bullish,15JAN14:09:33:21,Bullish,24JAN14:18:56:16,Bullish,27JAN14:09:38:09,Bullish,24JAN14:12:11:33,Bullish,29JAN14:08:30:34,Bullish,24JAN14:12:49:33,Bullish,24JAN14:09:38:08,Bullish,30JAN14:15:21:00,Bullish,27JAN14:09:52:05,Bullish,15JAN14:21:42:38,Bullish,23JAN14:10:31:40,Bullish,27JAN14:09:31:22,Bullish,22JAN14:19:03:31,Bullish,18JAN14:14:04:32,Bullish,17JAN14:07:30:05,Bullish,24JAN14:13:17:28,Bullish,24JAN14:10:15:42,Bullish,24JAN14:10:12:31,Bullish,16JAN14:09:56:04,Bullish,27JAN14:10:12:54,Bullish,24JAN14:12:15:31,Bullish,16JAN14:16:01:43,Bullish,15JAN14:13:47:45,Bullish,24JAN14:13:35:03,Bullish,13JAN14:15:26:58,Bullish,27JAN14:15:23:37,Bullish,10JAN14:16:02:59,Bullish,24JAN14:10:12:45,Bullish,02JAN14:11:02:24,Bullish,27JAN14:20:24:31,Bullish,14JAN14:06:42:44,Bullish,27JAN14:09:39:42,Bullish,09JAN14:09:31:48,Bullish,06JAN14:10:07:19,Bullish,27JAN14:12:49:18,Bullish,07JAN14:13:12:31,Bullish,27JAN14:05:10:25,Bearish,06JAN14:11:06:49,Bearish,09JAN14:09:56:58,Bullish,19JAN14:12:07:29,Bullish,27JAN14:09:20:42,Bullish,17JAN14:08:21:18,Bullish,22JAN14:19:43:29,Bullish,17JAN14:12:27:46,Bullish,17JAN14:10:23:43,Bullish,02JAN14:13:27:15,Bullish,23JAN14:07:03:06,Bullish,14JAN14:11:46:22,Bullish,09JAN14:16:54:10,Bullish,
LIVE,07JAN14:15:02:29,Bullish,07JAN14:14:52:33,Bullish,20JAN14:15:02:59,Bullish,
RIG,30JAN14:22:58:38,Bearish,
GPL,22JAN14:20:23:36,Bullish,
HAL,22JAN14:15:45:21,Bearish,20JAN14:14:15:26,Bullish,15JAN14:12:38:04,Bullish,15JAN14:09:49:17,Bullish,16JAN14:15:15:35,Bullish,
EXEL,15JAN14:14:29:49,Bullish,
FRAN,10JAN14:10:44:17,Bullish,
IAG,08JAN14:11:08:38,Bullish,
SIGM,13JAN14:13:07:38,Bullish,
WEN,13JAN14:07:47:27,Bullish,
PXLW,07JAN14:10:20:03,Bullish,14JAN14:16:20:14,Bullish,22JAN14:10:13:06,Bullish,
THM,21JAN14:15:19:55,Bullish,
VXX,30JAN14:16:00:56,Bullish,24JAN14:10:47:47,Bullish,15JAN14:19:12:46,Bullish,
IAU,29JAN14:21:43:23,Bearish,
HAR,09JAN14:12:49:45,Bullish,
UGAZ,22JAN14:09:15:06,Bullish,29JAN14:22:02:42,Bearish,24JAN14:10:35:08,Bullish,
SPEX,27JAN14:09:45:28,Bearish,
OIH,15JAN14:09:54:40,Bullish,
NMBL,13JAN14:11:51:02,Bullish,02JAN14:11:27:50,Bullish,16JAN14:10:36:29,Bullish,07JAN14:11:39:59,Bullish,13JAN14:10:54:51,Bullish,
KEG,07JAN14:23:24:02,Bullish,
NUGT,13JAN14:11:19:58,Bullish,
NAT,17JAN14:09:21:32,Bullish,
SKX,19JAN14:01:01:30,Bearish,
AMAT,15JAN14:11:56:16,Bullish,
SWKS,17JAN14:08:36:07,Bullish,
OIBR,29JAN14:09:43:05,Bullish,
TIF,21JAN14:18:02:17,Bearish,
GES,30JAN14:00:24:36,Bullish,
FXEN,09JAN14:17:24:50,Bullish,
DCTH,21JAN14:16:24:05,Bullish,16JAN14:15:45:50,Bullish,16JAN14:15:59:22,Bullish,18JAN14:11:33:59,Bullish,
CRDS,23JAN14:14:41:25,Bullish,
SQNM,03JAN14:11:23:23,Bullish,
CTXS,29JAN14:10:10:32,Bullish,
C,06JAN14:14:19:10,Bullish,15JAN14:14:14:19,Bullish,
SIRI,16JAN14:12:19:11,Bullish,
TMUS,03JAN14:12:43:35,Bullish,14JAN14:18:16:48,Bullish,
AFFY,03JAN14:18:43:12,Bullish,
QCOR,13JAN14:13:09:24,Bullish,16JAN14:12:32:55,Bullish,
FTNT,14JAN14:14:20:00,Bullish,
S,30JAN14:10:26:57,Bullish,
QCOM,10JAN14:12:36:29,Bullish,
IBKR,21JAN14:16:18:22,Bullish,
MHR,22JAN14:12:16:38,Bullish,
DDD,30JAN14:09:32:54,Bullish,30JAN14:10:44:48,Bullish,05JAN14:15:49:18,Bullish,14JAN14:11:22:22,Bullish,23JAN14:10:23:10,Bearish,22JAN14:14:15:56,Bullish,14JAN14:11:52:26,Bullish,08JAN14:12:01:41,Bullish,14JAN14:17:37:27,Bearish,21JAN14:15:51:19,Bearish,28JAN14:09:48:09,Bullish,17JAN14:12:17:28,Bearish,02JAN14:09:34:17,Bullish,17JAN14:11:52:18,Bearish,08JAN14:09:32:43,Bullish,14JAN14:19:50:39,Bullish,21JAN14:23:57:34,Bullish,
RMTI,03JAN14:07:45:53,Bullish,
RNN,14JAN14:09:49:15,Bullish,14JAN14:08:46:35,Bullish,24JAN14:08:30:52,Bullish,15JAN14:15:57:22,Bullish,03JAN14:08:35:31,Bullish,24JAN14:13:26:33,Bullish,04JAN14:10:03:52,Bullish,27JAN14:14:48:33,Bearish,14JAN14:13:45:50,Bullish,13JAN14:20:04:42,Bullish,31JAN14:11:25:29,Bullish,28JAN14:12:06:00,Bullish,12JAN14:10:23:07,Bullish,09JAN14:13:17:45,Bullish,14JAN14:08:38:36,Bullish,09JAN14:08:14:53,Bullish,31JAN14:15:50:15,Bullish,09JAN14:09:26:26,Bullish,26JAN14:12:08:06,Bullish,13JAN14:11:51:12,Bullish,10JAN14:08:03:19,Bullish,15JAN14:21:56:22,Bullish,29JAN14:11:48:47,Bullish,13JAN14:15:46:02,Bullish,09JAN14:14:41:52,Bullish,10JAN14:07:52:27,Bullish,13JAN14:10:51:27,Bullish,18JAN14:10:31:38,Bullish,16JAN14:10:15:59,Bullish,12JAN14:13:27:59,Bullish,24JAN14:13:14:39,Bullish,14JAN14:14:00:13,Bearish,30JAN14:16:02:51,Bullish,31JAN14:10:57:04,Bullish,31JAN14:07:35:36,Bullish,13JAN14:13:07:57,Bullish,07JAN14:10:18:15,Bullish,17JAN14:10:58:09,Bullish,20JAN14:11:35:46,Bullish,28JAN14:09:08:11,Bearish,16JAN14:08:26:08,Bullish,13JAN14:15:58:31,Bullish,13JAN14:02:14:37,Bullish,14JAN14:09:37:20,Bearish,15JAN14:12:50:01,Bullish,21JAN14:12:00:49,Bullish,
MOS,29JAN14:00:10:45,Bullish,
RNA,16JAN14:14:46:05,Bearish,06JAN14:14:47:52,Bullish,
WINT,09JAN14:16:02:45,Bullish,
STRI,21JAN14:09:18:44,Bullish,
ANR,09JAN14:15:27:49,Bullish,14JAN14:07:48:30,Bullish,
OPK,29JAN14:01:35:25,Bullish,02JAN14:08:43:06,Bullish,
KMI,17JAN14:16:21:48,Bullish,
KMP,20JAN14:00:32:00,Bullish,
COH,17JAN14:17:05:40,Bearish,
CSUN,02JAN14:12:34:12,Bullish,
TMO,10JAN14:10:47:43,Bullish,
VRS,07JAN14:15:08:29,Bearish,
TSLA,21JAN14:11:32:02,Bullish,14JAN14:15:32:12,Bullish,10JAN14:17:55:06,Bullish,14JAN14:13:23:17,Bullish,02JAN14:08:46:20,Bullish,07JAN14:10:12:08,Bullish,31JAN14:11:09:01,Bullish,13JAN14:17:36:03,Bearish,15JAN14:08:56:55,Bullish,07JAN14:11:30:02,Bullish,14JAN14:12:59:46,Bullish,08JAN14:00:09:57,Bullish,07JAN14:12:38:35,Bullish,16JAN14:13:16:05,Bullish,14JAN14:14:59:45,Bullish,31JAN14:08:56:44,Bullish,09JAN14:13:47:57,Bullish,31JAN14:02:09:47,Bullish,10JAN14:10:26:03,Bullish,16JAN14:15:50:42,Bullish,31JAN14:15:53:51,Bullish,23JAN14:13:24:20,Bullish,15JAN14:12:21:05,Bullish,25JAN14:11:06:33,Bullish,30JAN14:09:05:56,Bullish,09JAN14:09:45:48,Bullish,10JAN14:15:32:25,Bullish,23JAN14:14:38:13,Bullish,18JAN14:20:13:15,Bullish,28JAN14:15:51:02,Bullish,14JAN14:13:27:55,Bullish,15JAN14:00:14:55,Bullish,23JAN14:17:17:45,Bullish,08JAN14:00:29:45,Bullish,14JAN14:15:41:30,Bullish,30JAN14:14:52:00,Bullish,29JAN14:12:02:44,Bullish,21JAN14:20:27:36,Bullish,19JAN14:14:16:09,Bullish,
DCIX,17JAN14:09:21:32,Bullish,
ARMH,22JAN14:12:03:40,Bullish,
OPTT,10JAN14:12:04:57,Bullish,
OCLR,30JAN14:07:57:27,Bullish,
LOCK,30JAN14:14:49:24,Bullish,
CA,23JAN14:09:49:05,Bearish,
ATRM,17JAN14:14:19:33,Bullish,
FREE,13JAN14:13:22:25,Bullish,14JAN14:13:05:39,Bullish,15JAN14:20:11:47,Bullish,
AUDUSD,08JAN14:20:14:00,Bearish,31JAN14:13:42:01,Bearish,02JAN14:14:51:32,Bullish,
GALE,17JAN14:16:39:11,Bearish,17JAN14:08:02:29,Bullish,03JAN14:10:14:31,Bullish,22JAN14:11:33:02,Bullish,10JAN14:09:00:54,Bullish,02JAN14:09:08:14,Bullish,10JAN14:14:27:32,Bullish,08JAN14:12:42:38,Bullish,10JAN14:19:40:20,Bullish,24JAN14:15:31:15,Bullish,13JAN14:15:18:37,Bullish,02JAN14:19:02:39,Bullish,08JAN14:14:30:08,Bullish,14JAN14:12:08:43,Bullish,08JAN14:14:27:03,Bullish,22JAN14:13:44:57,Bullish,14JAN14:11:16:29,Bearish,13JAN14:10:39:40,Bullish,21JAN14:14:27:47,Bullish,08JAN14:14:16:18,Bullish,29JAN14:08:52:17,Bullish,16JAN14:12:44:03,Bullish,08JAN14:14:12:27,Bullish,14JAN14:14:14:59,Bullish,28JAN14:11:12:46,Bullish,16JAN14:23:17:36,Bullish,
ATRS,22JAN14:14:43:50,Bullish,
CX,10JAN14:09:48:19,Bullish,
FEYE,02JAN14:16:48:20,Bullish,31JAN14:14:21:00,Bullish,21JAN14:10:01:17,Bearish,03JAN14:15:10:36,Bullish,16JAN14:13:33:38,Bullish,31JAN14:13:31:07,Bullish,03JAN14:13:19:07,Bullish,31JAN14:10:29:59,Bullish,06JAN14:11:20:19,Bullish,22JAN14:14:25:42,Bullish,14JAN14:11:47:48,Bullish,21JAN14:09:35:31,Bearish,16JAN14:11:47:55,Bullish,14JAN14:11:19:15,Bullish,03JAN14:10:31:02,Bullish,06JAN14:09:56:01,Bullish,16JAN14:09:15:36,Bullish,16JAN14:13:42:09,Bullish,21JAN14:09:33:23,Bearish,02JAN14:18:04:25,Bullish,06JAN14:08:16:53,Bullish,28JAN14:10:30:24,Bullish,27JAN14:14:35:38,Bullish,29JAN14:12:25:05,Bullish,16JAN14:11:42:06,Bullish,06JAN14:11:58:12,Bullish,06JAN14:15:54:42,Bullish,
HEB,26JAN14:15:22:26,Bullish,21JAN14:09:09:40,Bullish,17JAN14:16:04:59,Bullish,21JAN14:09:44:27,Bullish,22JAN14:01:21:51,Bullish,17JAN14:09:46:33,Bullish,
BLDP,13JAN14:17:18:18,Bullish,03JAN14:13:44:44,Bullish,14JAN14:18:13:22,Bullish,15JAN14:01:36:27,Bullish,02JAN14:14:20:59,Bullish,27JAN14:09:02:52,Bullish,23JAN14:11:27:00,Bullish,10JAN14:14:51:58,Bullish,
BALT,06JAN14:10:31:43,Bullish,09JAN14:08:53:16,Bullish,
TOL,22JAN14:15:47:45,Bullish,13JAN14:09:48:24,Bullish,09JAN14:16:15:33,Bullish,
FCEL,16JAN14:20:53:12,Bullish,03JAN14:11:18:48,Bullish,03JAN14:15:12:36,Bullish,16JAN14:20:07:10,Bullish,26JAN14:19:30:12,Bullish,07JAN14:16:00:15,Bullish,26JAN14:11:26:56,Bullish,24JAN14:11:20:27,Bullish,07JAN14:09:37:00,Bullish,13JAN14:14:20:30,Bullish,
BJK,08JAN14:13:37:00,Bullish,
SBUX,16JAN14:14:33:19,Bullish,23JAN14:17:16:19,Bullish,10JAN14:07:52:19,Bullish,
MLNX,09JAN14:17:17:14,Bullish,16JAN14:14:34:27,Bullish,14JAN14:12:22:44,Bullish,
RUT,12JAN14:12:00:52,Bullish,
ETRM,05JAN14:03:55:08,Bullish,
EURJPY,22JAN14:08:40:00,Bullish,
GNW,09JAN14:09:48:10,Bullish,
CVX,09JAN14:16:56:15,Bearish,
NG_F,30JAN14:15:13:51,Bearish,14JAN14:13:25:11,Bearish,27JAN14:12:11:32,Bullish,
JRJC,03JAN14:10:46:11,Bearish,06JAN14:09:44:42,Bearish,06JAN14:09:31:11,Bearish,
ZNGA,23JAN14:15:14:31,Bullish,25JAN14:05:35:47,Bearish,30JAN14:11:43:53,Bullish,31JAN14:03:58:49,Bullish,30JAN14:18:11:31,Bullish,17JAN14:14:19:14,Bearish,30JAN14:13:12:38,Bullish,06JAN14:08:33:33,Bullish,30JAN14:09:04:51,Bullish,
NAVB,02JAN14:15:06:36,Bullish,
DJIA,24JAN14:12:50:41,Bearish,02JAN14:08:06:30,Bearish,
ZHNE,28JAN14:14:41:22,Bearish,02JAN14:10:57:30,Bullish,
CBMX,27JAN14:13:16:44,Bullish,15JAN14:05:03:36,Bullish,
GNK,28JAN14:18:48:47,Bullish,15JAN14:12:24:12,Bullish,
PGNX,30JAN14:21:47:52,Bullish,
KERX,17JAN14:08:26:49,Bullish,17JAN14:07:38:34,Bullish,
NSPR,22JAN14:13:39:03,Bullish,16JAN14:15:23:38,Bullish,16JAN14:08:26:08,Bullish,02JAN14:20:13:59,Bullish,15JAN14:21:41:52,Bullish,05JAN14:13:29:41,Bullish,
TWTR,28JAN14:10:00:21,Bullish,28JAN14:21:20:24,Bullish,29JAN14:17:31:48,Bullish,16JAN14:20:19:23,Bullish,29JAN14:12:16:47,Bullish,08JAN14:09:29:04,Bearish,29JAN14:17:04:51,Bullish,10JAN14:08:24:08,Bullish,28JAN14:10:12:22,Bullish,22JAN14:12:49:34,Bullish,10JAN14:15:21:39,Bearish,24JAN14:11:30:12,Bullish,23JAN14:07:09:11,Bullish,30JAN14:09:46:25,Bullish,29JAN14:14:17:44,Bullish,08JAN14:07:46:39,Bullish,02JAN14:00:16:23,Bullish,06JAN14:08:52:03,Bearish,20JAN14:19:45:56,Bullish,30JAN14:14:10:45,Bearish,17JAN14:12:40:49,Bearish,22JAN14:12:53:47,Bullish,29JAN14:16:37:50,Bullish,30JAN14:11:37:23,Bullish,03JAN14:06:29:34,Bullish,27JAN14:14:39:14,Bullish,09JAN14:14:02:41,Bearish,28JAN14:14:12:00,Bullish,13JAN14:09:14:09,Bullish,31JAN14:09:33:10,Bullish,30JAN14:07:02:22,Bullish,07JAN14:11:51:33,Bearish,02JAN14:00:05:21,Bullish,06JAN14:09:59:45,Bullish,07JAN14:11:21:23,Bearish,23JAN14:16:53:51,Bullish,30JAN14:09:39:54,Bullish,28JAN14:12:43:06,Bullish,29JAN14:11:59:13,Bullish,07JAN14:10:42:28,Bullish,23JAN14:15:39:59,Bullish,21JAN14:13:45:14,Bullish,27JAN14:11:02:13,Bearish,10JAN14:10:35:24,Bullish,03JAN14:06:38:13,Bearish,03JAN14:12:24:53,Bullish,06JAN14:08:41:48,Bearish,03JAN14:10:35:19,Bullish,09JAN14:23:57:49,Bullish,29JAN14:14:08:42,Bullish,02JAN14:09:24:34,Bullish,06JAN14:09:57:01,Bullish,03JAN14:08:15:22,Bullish,06JAN14:12:53:47,Bullish,31DEC13:23:40:00,Bullish,31JAN14:14:06:42,Bullish,10JAN14:13:40:08,Bullish,28JAN14:08:11:20,Bullish,13JAN14:09:34:56,Bullish,29JAN14:16:33:31,Bullish,13JAN14:10:35:24,Bearish,29JAN14:16:32:09,Bullish,29JAN14:17:33:05,Bullish,10JAN14:10:08:09,Bearish,06JAN14:08:42:31,Bearish,07JAN14:01:25:07,Bullish,29JAN14:16:46:48,Bullish,29JAN14:16:25:42,Bullish,01JAN14:23:49:49,Bullish,06JAN14:12:00:46,Bearish,30JAN14:01:01:21,Bullish,28JAN14:13:14:43,Bullish,30JAN14:12:06:21,Bullish,
ANV,14JAN14:13:43:05,Bullish,14JAN14:11:40:31,Bullish,
PPL,17JAN14:11:39:05,Bullish,
CL_F,29JAN14:14:19:38,Bearish,21JAN14:14:17:09,Bullish,09JAN14:09:51:29,Bearish,
AMBA,29JAN14:12:12:10,Bullish,02JAN14:14:09:01,Bullish,
GOOG,16JAN14:09:52:04,Bullish,11JAN14:10:09:16,Bullish,28JAN14:17:01:44,Bullish,25JAN14:14:10:23,Bullish,13JAN14:16:21:03,Bullish,30JAN14:01:35:53,Bullish,04JAN14:22:59:36,Bullish,28JAN14:15:58:35,Bullish,30JAN14:11:45:55,Bullish,31JAN14:01:50:16,Bullish,21JAN14:20:23:59,Bullish,28JAN14:19:44:12,Bullish,16JAN14:20:14:18,Bullish,13JAN14:17:59:27,Bullish,07JAN14:10:18:26,Bullish,23JAN14:03:20:57,Bullish,03JAN14:08:10:38,Bullish,13JAN14:17:46:34,Bullish,31JAN14:01:38:33,Bullish,28JAN14:15:13:15,Bullish,17JAN14:10:09:48,Bullish,29JAN14:22:07:36,Bullish,
RGSE,01JAN14:13:34:36,Bullish,
PANW,08JAN14:11:11:33,Bullish,09JAN14:10:08:03,Bullish,14JAN14:14:17:42,Bullish,10JAN14:15:01:42,Bullish,30JAN14:11:42:31,Bullish,10JAN14:09:29:23,Bullish,06JAN14:16:21:25,Bullish,15JAN14:11:47:19,Bullish,14JAN14:11:20:05,Bullish,15JAN14:09:54:39,Bullish,30JAN14:11:36:28,Bullish,16JAN14:13:00:08,Bullish,07JAN14:11:51:43,Bullish,15JAN14:13:19:01,Bullish,14JAN14:14:21:36,Bullish,08JAN14:11:53:37,Bullish,
GRPN,13JAN14:09:31:37,Bullish,22JAN14:09:45:29,Bullish,13JAN14:15:22:38,Bullish,
LVS,17JAN14:17:36:23,Bullish,06JAN14:15:38:02,Bearish,31JAN14:00:10:30,Bullish,
BBRY,16JAN14:13:21:58,Bullish,21JAN14:16:10:54,Bullish,07JAN14:14:32:48,Bullish,30JAN14:14:21:01,Bullish,13JAN14:08:36:11,Bearish,23JAN14:12:51:21,Bearish,02JAN14:09:52:24,Bullish,17JAN14:14:55:32,Bullish,31JAN14:11:45:08,Bullish,06JAN14:16:37:25,Bullish,20JAN14:17:41:51,Bullish,27JAN14:15:11:23,Bearish,31JAN14:14:45:19,Bullish,15JAN14:12:32:55,Bullish,07JAN14:09:27:04,Bullish,31JAN14:09:44:14,Bullish,27JAN14:12:31:55,Bullish,27JAN14:06:23:43,Bullish,17JAN14:14:52:53,Bullish,17JAN14:13:23:19,Bullish,26JAN14:14:09:33,Bullish,22JAN14:15:34:43,Bullish,24JAN14:14:35:30,Bullish,23JAN14:15:14:31,Bullish,15JAN14:15:45:58,Bullish,23JAN14:12:19:23,Bullish,10JAN14:14:07:57,Bullish,22JAN14:13:52:20,Bearish,21JAN14:12:41:36,Bullish,17JAN14:16:53:57,Bullish,22JAN14:14:37:07,Bullish,23JAN14:12:17:53,Bullish,22JAN14:14:30:39,Bearish,28JAN14:15:58:13,Bullish,09JAN14:15:55:33,Bullish,30JAN14:13:30:29,Bullish,24JAN14:14:30:04,Bullish,21JAN14:09:52:06,Bullish,23JAN14:15:09:34,Bullish,24JAN14:10:00:32,Bullish,30JAN14:12:05:05,Bullish,09JAN14:10:08:12,Bullish,17JAN14:12:57:39,Bullish,10JAN14:11:34:40,Bullish,12JAN14:22:08:13,Bullish,17JAN14:15:28:55,Bullish,01JAN14:06:41:36,Bearish,20JAN14:15:09:54,Bullish,30JAN14:13:29:27,Bearish,
HPQ,30JAN14:13:13:44,Bullish,
RVLT,13JAN14:09:44:29,Bullish,31JAN14:13:29:07,Bullish,08JAN14:15:53:34,Bullish,29JAN14:23:39:06,Bullish,17JAN14:13:36:57,Bullish,
ICPT,15JAN14:11:17:42,Bullish,13JAN14:09:34:15,Bearish,24JAN14:16:14:24,Bullish,13JAN14:09:51:29,Bullish,17JAN14:11:18:46,Bullish,10JAN14:14:00:18,Bullish,21JAN14:13:44:40,Bullish,10JAN14:10:42:15,Bullish,
UTX,16JAN14:20:19:23,Bullish,
MTG,23JAN14:08:33:05,Bullish,06JAN14:18:50:58,Bullish,
BNSO,23JAN14:15:51:50,Bullish,
PWE,08JAN14:10:00:38,Bullish,16JAN14:18:06:49,Bullish,07JAN14:10:55:26,Bullish,
SWFT,02JAN14:16:44:02,Bearish,
SGYP,03JAN14:13:15:15,Bullish,
GSS,21JAN14:19:39:58,Bullish,
NTDOY,08JAN14:21:13:22,Bullish,
BA,30JAN14:09:09:31,Bearish,
CTRL,14JAN14:13:45:28,Bullish,14JAN14:10:51:56,Bullish,15JAN14:15:18:39,Bullish,15JAN14:11:58:18,Bullish,14JAN14:14:51:10,Bullish,
BORN,03JAN14:10:58:48,Bullish,
GTAT,31JAN14:11:59:03,Bullish,27JAN14:14:12:08,Bullish,29JAN14:15:25:45,Bullish,
GSK,24JAN14:14:49:10,Bullish,
CTRP,22JAN14:13:50:44,Bullish,
SHLD,10JAN14:15:40:19,Bearish,22JAN14:09:59:42,Bullish,10JAN14:12:58:49,Bearish,20JAN14:22:14:02,Bullish,
JASO,07JAN14:09:58:14,Bullish,10JAN14:11:24:15,Bullish,08JAN14:00:53:09,Bullish,
ABX,24JAN14:07:29:25,Bullish,09JAN14:07:30:23,Bullish,
QID,06JAN14:14:08:06,Bullish,
ATHM,03JAN14:10:49:11,Bullish,
SODA,02JAN14:10:00:59,Bullish,13JAN14:20:32:36,Bearish,13JAN14:09:34:15,Bearish,14JAN14:13:57:00,Bullish,
ARRS,09JAN14:01:06:24,Bullish,
ATHX,29JAN14:12:04:23,Bullish,08JAN14:12:45:06,Bullish,02JAN14:15:49:59,Bullish,13JAN14:00:16:53,Bearish,
GREK,06JAN14:09:16:17,Bullish,
NVAX,17JAN14:16:59:03,Bullish,
NQ_F,20JAN14:21:02:02,Bullish,
CCIH,23JAN14:16:02:00,Bullish,
SVA,14JAN14:15:01:58,Bullish,
T,07JAN14:23:53:51,Bullish,
JVA,23JAN14:20:55:19,Bullish,
SVU,08JAN14:11:08:03,Bullish,
LOGI,09JAN14:14:29:11,Bullish,
SRPT,28JAN14:16:12:03,Bullish,02JAN14:11:41:09,Bullish,
DJ_F,02JAN14:08:06:30,Bearish,
TGTX,05JAN14:12:21:03,Bullish,29JAN14:20:27:29,Bullish,
BVN,21JAN14:20:33:18,Bullish,
PRAN,21JAN14:16:24:05,Bullish,
HY,16JAN14:23:20:05,Bullish,
GLUU,14JAN14:22:34:03,Bullish,16JAN14:10:48:27,Bullish,21JAN14:09:21:47,Bullish,17JAN14:10:39:29,Bullish,07JAN14:14:17:36,Bullish,30JAN14:16:07:26,Bullish,13JAN14:10:18:48,Bullish,31JAN14:03:58:49,Bullish,30JAN14:18:02:14,Bullish,07JAN14:07:48:43,Bullish,07JAN14:07:49:19,Bullish,16JAN14:05:44:12,Bullish,08JAN14:13:50:20,Bullish,07JAN14:17:36:29,Bullish,
REGN,31JAN14:10:33:55,Bullish,14JAN14:12:23:44,Bullish,14JAN14:12:34:20,Bullish,14JAN14:15:26:45,Bullish,
HK,17JAN14:16:42:27,Bullish,13JAN14:11:02:58,Bullish,13JAN14:15:18:15,Bullish,
WPRT,22JAN14:16:09:39,Bearish,
E,15JAN14:12:52:13,Bearish,
HA,30JAN14:19:23:06,Bullish,
CTIC,06JAN14:13:02:02,Bullish,
LLY,30JAN14:09:09:31,Bearish,
AMD,16JAN14:10:54:39,Bullish,10JAN14:09:30:16,Bullish,06JAN14:19:41:01,Bullish,09JAN14:21:34:46,Bullish,21JAN14:13:41:07,Bullish,30JAN14:10:26:57,Bullish,16JAN14:11:59:12,Bullish,16JAN14:12:19:11,Bullish,17JAN14:19:24:19,Bullish,10JAN14:14:09:41,Bullish,21JAN14:09:15:21,Bullish,21JAN14:16:19:04,Bullish,06JAN14:19:42:07,Bullish,21JAN14:16:41:09,Bearish,31JAN14:02:30:40,Bullish,25JAN14:07:50:02,Bullish,09JAN14:12:23:29,Bullish,10JAN14:13:12:27,Bullish,21JAN14:16:38:47,Bearish,16JAN14:11:16:06,Bullish,09JAN14:21:35:33,Bullish,14JAN14:14:29:13,Bullish,06JAN14:19:41:37,Bullish,09JAN14:21:34:54,Bullish,21JAN14:14:56:54,Bullish,02JAN14:18:18:37,Bullish,21JAN14:12:03:28,Bullish,05JAN14:15:57:59,Bullish,14JAN14:14:16:40,Bullish,17JAN14:02:10:58,Bullish,21JAN14:16:18:42,Bullish,23JAN14:09:44:24,Bullish,22JAN14:03:27:58,Bullish,17JAN14:10:21:05,Bullish,21JAN14:16:28:50,Bullish,23JAN14:09:38:33,Bullish,10JAN14:20:52:44,Bullish,07JAN14:12:45:43,Bullish,14JAN14:10:39:18,Bullish,21JAN14:16:14:13,Bullish,
INVN,29JAN14:16:42:32,Bullish,30JAN14:09:45:23,Bullish,16JAN14:11:51:46,Bullish,21JAN14:17:30:10,Bullish,26JAN14:12:27:02,Bullish,29JAN14:15:46:03,Bullish,13JAN14:16:26:06,Bullish,
EURUSD,16JAN14:08:47:26,Bullish,10JAN14:08:37:56,Bullish,
REE,22JAN14:11:09:21,Bullish,15JAN14:16:04:27,Bullish,
PBR,21JAN14:13:28:04,Bullish,
YCS,02JAN14:01:09:15,Bullish,
FNMA,10JAN14:11:05:05,Bullish,17JAN14:15:43:15,Bullish,
EWZ,30JAN14:13:28:36,Bearish,
YHOO,12JAN14:12:30:58,Bullish,07JAN14:09:31:41,Bullish,28JAN14:18:08:46,Bullish,08JAN14:08:43:15,Bullish,21JAN14:20:33:36,Bullish,28JAN14:17:01:02,Bullish,27JAN14:14:56:44,Bullish,18JAN14:09:17:27,Bullish,28JAN14:17:57:29,Bullish,15JAN14:11:07:32,Bullish,
FBIO,09JAN14:07:48:10,Bullish,02JAN14:15:49:59,Bullish,19JAN14:11:59:40,Bullish,24JAN14:16:49:25,Bullish,21JAN14:19:14:39,Bullish,
HOV,31JAN14:10:59:34,Bullish,13JAN14:15:08:15,Bullish,
FENG,15JAN14:11:44:18,Bullish,16JAN14:23:29:35,Bullish,
AVP,30JAN14:12:44:25,Bullish,
ANGI,21JAN14:06:09:43,Bearish,17JAN14:14:33:45,Bullish,21JAN14:16:49:18,Bullish,09JAN14:13:27:20,Bullish,20JAN14:23:45:47,Bullish,02JAN14:13:39:14,Bearish,
SCTY,16JAN14:10:40:44,Bullish,16JAN14:06:31:13,Bullish,16JAN14:12:24:10,Bullish,08JAN14:10:43:24,Bullish,16JAN14:14:09:00,Bullish,28JAN14:19:22:27,Bullish,31JAN14:14:52:44,Bullish,17JAN14:11:04:35,Bearish,07JAN14:08:05:43,Bullish,16JAN14:12:36:01,Bullish,17JAN14:11:26:00,Bullish,06JAN14:08:27:50,Bullish,17JAN14:12:35:32,Bullish,16JAN14:12:12:58,Bullish,10JAN14:08:24:08,Bullish,16JAN14:09:43:48,Bullish,22JAN14:03:42:50,Bullish,29JAN14:15:35:18,Bullish,16JAN14:15:53:22,Bullish,06JAN14:12:09:38,Bullish,07JAN14:15:15:40,Bullish,17JAN14:10:26:35,Bullish,15JAN14:10:11:31,Bullish,10JAN14:14:42:47,Bullish,10JAN14:10:54:24,Bullish,08JAN14:19:52:36,Bullish,09JAN14:07:54:26,Bullish,08JAN14:11:26:21,Bullish,
GMCR,07JAN14:11:09:20,Bullish,
AVB,01JAN14:15:53:59,Bearish,
ELTP,09JAN14:20:40:11,Bullish,02JAN14:14:20:59,Bullish,21JAN14:12:00:49,Bullish,12JAN14:20:00:14,Bullish,17JAN14:09:46:33,Bullish,28JAN14:10:15:03,Bullish,21JAN14:08:36:44,Bullish,22JAN14:16:14:54,Bullish,15JAN14:05:03:36,Bullish,21JAN14:10:28:14,Bullish,
FLDM,15JAN14:20:05:20,Bullish,
ADHD,25JAN14:11:57:56,Bullish,20JAN14:14:26:42,Bullish,07JAN14:16:27:48,Bullish,
JBLU,07JAN14:06:17:09,Bullish,06JAN14:13:19:08,Bearish,07JAN14:06:23:07,Bearish,
NES,16JAN14:13:55:12,Bullish,23JAN14:07:43:42,Bullish,
BKF,10JAN14:15:16:17,Bullish,
NIHD,17JAN14:12:17:47,Bullish,30JAN14:13:56:40,Bullish,17JAN14:16:18:21,Bullish,
TEO,13JAN14:11:01:04,Bullish,
DRWI,13JAN14:15:30:12,Bullish,15JAN14:18:10:33,Bullish,
SALE,23JAN14:15:38:19,Bearish,23JAN14:18:06:59,Bearish,04JAN14:16:45:12,Bearish,15JAN14:10:37:18,Bearish,
ISRG,24JAN14:09:26:09,Bearish,08JAN14:14:35:48,Bullish,23JAN14:16:44:31,Bearish,
NQ,21JAN14:17:26:13,Bullish,31JAN14:09:52:06,Bullish,03JAN14:09:50:06,Bullish,14JAN14:10:23:51,Bullish,09JAN14:11:22:47,Bullish,06JAN14:13:41:13,Bullish,23JAN14:09:53:42,Bullish,27JAN14:14:32:10,Bullish,15JAN14:11:04:58,Bullish,22JAN14:09:41:15,Bearish,08JAN14:10:43:17,Bullish,02JAN14:00:00:17,Bullish,24JAN14:15:30:43,Bearish,15JAN14:10:34:24,Bullish,22JAN14:11:56:17,Bullish,27JAN14:14:23:43,Bullish,21JAN14:17:11:12,Bullish,24JAN14:16:10:34,Bullish,09JAN14:09:41:58,Bullish,21JAN14:16:25:44,Bullish,02JAN14:16:45:17,Bullish,27JAN14:11:27:42,Bearish,02JAN14:15:12:00,Bullish,
NBG,08JAN14:08:01:05,Bullish,14JAN14:16:25:34,Bullish,08JAN14:05:15:47,Bullish,27JAN14:03:53:21,Bearish,30JAN14:15:32:47,Bullish,29JAN14:14:31:27,Bullish,
YNDX,07JAN14:23:18:13,Bullish,
RBCN,02JAN14:14:10:49,Bullish,
ADT,30JAN14:15:24:07,Bullish,
CUR,03JAN14:17:40:49,Bullish,28JAN14:21:56:59,Bullish,06JAN14:14:12:50,Bullish,
GILD,17JAN14:04:56:27,Bullish,
KUTV,08JAN14:12:01:53,Bullish,
LULU,30JAN14:10:21:33,Bearish,30JAN14:12:53:46,Bullish,09JAN14:13:33:48,Bullish,31JAN14:12:05:36,Bearish,17JAN14:15:41:17,Bullish,24JAN14:12:06:48,Bullish,
GME,16JAN14:06:01:51,Bullish,
GDXJ,02JAN14:19:56:36,Bullish,
ACHN,09JAN14:12:43:04,Bullish,09JAN14:13:38:09,Bullish,
DNR,17JAN14:16:42:27,Bullish,
JPM,14JAN14:08:22:29,Bullish,
Z,16JAN14:10:09:36,Bullish,07JAN14:13:44:43,Bullish,31JAN14:10:19:30,Bullish,16JAN14:20:19:23,Bullish,06JAN14:13:24:56,Bullish,
CACI,20JAN14:20:54:07,Bullish,
EEM,28JAN14:05:49:25,Bearish,31JAN14:08:20:47,Bearish,10JAN14:09:46:18,Bearish,28JAN14:10:18:56,Bearish,
CXDC,22JAN14:17:44:48,Bullish,
MEA,03JAN14:14:39:59,Bullish,
LEE,22JAN14:13:58:07,Bullish,
GDX,29JAN14:16:07:08,Bullish,13JAN14:16:17:00,Bullish,09JAN14:11:00:30,Bullish,10JAN14:10:36:42,Bullish,06JAN14:17:33:30,Bullish,
BIDU,14JAN14:10:36:04,Bearish,23JAN14:09:44:04,Bullish,27JAN14:17:57:08,Bearish,09JAN14:14:49:47,Bearish,
EBAY,22JAN14:16:22:43,Bullish,
USDJPY,23JAN14:10:07:47,Bullish,
KWKA,02JAN14:14:52:54,Bullish,07JAN14:17:56:45,Bullish,
TWC,14JAN14:11:33:09,Bullish,
KOOL,24JAN14:16:49:25,Bullish,22JAN14:10:38:12,Bullish,21JAN14:14:56:10,Bullish,28JAN14:00:20:08,Bullish,24JAN14:15:52:22,Bullish,28JAN14:15:01:23,Bullish,27JAN14:17:46:53,Bullish,28JAN14:15:10:15,Bullish,28JAN14:00:14:48,Bullish,27JAN14:17:11:12,Bullish,27JAN14:16:12:53,Bullish,27JAN14:17:32:26,Bullish,15JAN14:20:55:05,Bullish,27JAN14:16:07:07,Bullish,27JAN14:17:31:49,Bullish,24JAN14:09:19:14,Bullish,28JAN14:00:34:24,Bullish,21JAN14:16:00:19,Bullish,27JAN14:17:11:35,Bullish,
REGI,30JAN14:10:23:59,Bullish,
USU,24JAN14:10:13:26,Bullish,
SEED,07JAN14:09:17:32,Bullish,06JAN14:14:23:43,Bullish,
HTHT,17JAN14:10:45:03,Bullish,
DISH,07JAN14:23:53:51,Bullish,
VISN,22JAN14:14:15:45,Bearish,06JAN14:13:52:08,Bearish,
VHC,22JAN14:12:28:41,Bullish,
VEEV,03JAN14:10:17:09,Bullish,03JAN14:15:34:47,Bullish,
QIHU,21JAN14:11:35:42,Bullish,08JAN14:15:43:14,Bullish,29JAN14:15:42:11,Bearish,22JAN14:13:17:26,Bullish,08JAN14:07:31:37,Bullish,
DAL,16JAN14:14:03:21,Bullish,15JAN14:13:23:01,Bullish,15JAN14:13:35:18,Bullish,
ACST,17JAN14:13:24:58,Bullish,
FONR,21JAN14:09:47:26,Bullish,
EIGI,15JAN14:20:20:17,Bullish,
TM,03JAN14:08:41:00,Bullish,07JAN14:11:30:02,Bullish,14JAN14:09:48:28,Bullish,
TXT,01JAN14:22:23:53,Bullish,03JAN14:18:37:26,Bullish,
DAX,27JAN14:05:15:34,Bearish,15JAN14:11:32:41,Bearish,17JAN14:08:35:19,Bearish,
PETX,30JAN14:16:02:48,Bullish,
AA,12JAN14:07:10:04,Bullish,08JAN14:10:26:42,Bullish,13JAN14:15:39:54,Bullish,
SNTS,02JAN14:11:44:22,Bullish,
TNP,23JAN14:11:15:47,Bearish,
HON,31JAN14:13:48:12,Bullish,
TNX,29JAN14:15:03:58,Bullish,
GOGO,21JAN14:13:08:51,Bullish,22JAN14:11:11:01,Bullish,21JAN14:12:26:39,Bullish,08JAN14:07:48:06,Bullish,14JAN14:06:08:57,Bullish,22JAN14:10:02:43,Bullish,08JAN14:19:05:40,Bearish,22JAN14:12:28:44,Bullish,07JAN14:13:53:03,Bullish,08JAN14:00:57:45,Bullish,
TNA,25JAN14:00:00:49,Bearish,
TROW,22JAN14:14:08:01,Bullish,
FMCC,09JAN14:09:56:30,Bullish,
YGE,02JAN14:14:06:36,Bullish,02JAN14:07:35:50,Bullish,02JAN14:10:39:08,Bullish,03JAN14:15:08:09,Bullish,03JAN14:03:22:22,Bullish,03JAN14:14:18:06,Bullish,
IMMR,22JAN14:11:34:49,Bullish,
PFE,29JAN14:01:30:18,Bearish,24JAN14:13:29:57,Bullish,
JCP,14JAN14:15:59:05,Bullish,03JAN14:08:11:18,Bearish,15JAN14:13:02:16,Bullish,27JAN14:10:52:28,Bullish,23JAN14:10:56:34,Bullish,27JAN14:10:05:20,Bullish,29JAN14:11:45:13,Bullish,22JAN14:12:46:17,Bullish,06JAN14:12:39:47,Bullish,15JAN14:21:40:17,Bullish,23JAN14:15:04:06,Bullish,15JAN14:16:24:21,Bearish,06JAN14:16:01:12,Bullish,15JAN14:13:40:51,Bullish,02JAN14:09:55:48,Bullish,27JAN14:18:28:02,Bullish,13JAN14:15:07:15,Bullish,02JAN14:11:36:03,Bullish,14JAN14:15:59:58,Bullish,13JAN14:11:01:53,Bullish,
HHC,22JAN14:19:10:47,Bullish,
DXJ,02JAN14:01:06:49,Bullish,
PNRA,10JAN14:18:53:40,Bearish,
